Barcode,Cluster
AAACAAGTATCTCCCA-1,3
AAACAATCTACTAGCA-1,7
AAACACCAATAACTGC-1,6
AAACAGAGCGACTCCT-1,2
AAACAGCTTTCAGAAG-1,1
AAACAGGGTCTATATT-1,4
AAACAGTGTTCCTGGG-1,5
AAACATTTCCCGGATT-1,3
AAACCCGAACGAAATC-1,3
AAACCGGGTAGGTACC-1,7
AAACCGTTCGTCCAGG-1,6
AAACCTAAGCAGCCGG-1,1
AAACCTCATGAAGTTG-1,4
AAACGAAGAACATACC-1,3
AAACGAGACGGTTGAT-1,1
AAACGGGCGTACGGGT-1,1
AAACGGTTGCGAACTG-1,1
AAACTCGGTTCGCAAT-1,4
AAACTCGTGATATAAG-1,3
AAACTGCTGGCTCCAA-1,1
AAACTTAATTGCACGC-1,6
AAACTTGCAAACGTAT-1,4
AAAGACATGAAGTTTA-1,4
AAAGACCCAAGTCGCG-1,3
AAAGACTGGGCGCTTT-1,1
AAAGGCCCTATAATAC-1,6
AAAGGCTACGGACCAT-1,4
AAAGGCTCTCGCGCCG-1,4
AAAGGGATGTAGCAAG-1,1
AAAGGGCAGCTTGAAT-1,2
AAAGGTAAGCTGTACC-1,4
AAAGTAGCATTGCTCA-1,6
AAAGTCACTGATGTAA-1,2
AAAGTCGACCCTCAGT-1,1
AAAGTGTGATTTATCT-1,1
AAAGTTGACTCCCGTA-1,1
AAATAACCATACGGGA-1,1
AAATAAGGTAGTGCCC-1,3
AAATACCTATAAGCAT-1,1
AAATAGCTTAGACTTT-1,3
AAATAGGGTGCTATTG-1,1
AAATCCGATACACGCC-1,1
AAATCGTGTACCACAA-1,4
AAATCTAGCCCTGCTA-1,2
AAATGATTCGATCAGC-1,3
AAATGCTCGTTACGTT-1,2
AAATGGCATGTCTTGT-1,2
AAATGGCCCGTGCCCT-1,5
AAATGGTCAATGTGCC-1,4
AAATGTGGGTGCTCCT-1,7
AAATTAACGGGTAGCT-1,1
AAATTACACGACTCTG-1,2
AAATTACCTATCGATG-1,2
AAATTGATAGTCCTTT-1,6
AAATTGCGGCGGTTCT-1,4
AAATTTACCGAAATCC-1,3
AAATTTGCGGGTGTGG-1,5
AACAACTGGTAGTTGC-1,2
AACAATACATTGTCGA-1,6
AACAATTACTCTACGC-1,4
AACACACGCTCGCCGC-1,1
AACACGACTGTACTGA-1,2
AACACGAGACGCGGCC-1,4
AACACGCGGCCGCGAA-1,7
AACAGCTGTGTGGCAA-1,6
AACAGGAAATCGAATA-1,2
AACAGGATGGGCCGCG-1,1
AACAGGTAGTATGGAT-1,3
AACATATCAACTGGTG-1,2
AACATCGATACGTCTA-1,4
AACATTGAAGTTGATC-1,6
AACATTGGTCAGCCGT-1,7
AACATTGTGACTCGAG-1,4
AACCAAGACTTCTCTG-1,4
AACCAGTATCACTCTT-1,4
AACCATAGGGTTGAAC-1,6
AACCATGGGATCGCTA-1,2
AACCCAGAGACGGAGA-1,3
AACCCATCCCATGATC-1,5
AACCCGACAACCCGTG-1,5
AACCCGAGCAGAATCG-1,3
AACCCTACTGTCAATA-1,2
AACCCTGGTGGAACCA-1,3
AACCGAGCTTGGTCAT-1,4
AACCGCTAAGGGATGC-1,1
AACCGTTGTGTTTGCT-1,1
AACCTAAAGCCGTCCG-1,3
AACCTCGCTTTAGCCC-1,1
AACCTTTAAATACGGT-1,4
AACCTTTACGACGTCT-1,2
AACGAAAGTCGTCCCA-1,6
AACGATAATGCCGTAG-1,4
AACGATAGAAGGGCCG-1,2
AACGATATGTCAACTG-1,2
AACGCATGATCTGGGT-1,3
AACGCGACCTTGGGCG-1,1
AACGCGGTCTCCAGCC-1,2
AACGCTGTTGCTGAAA-1,1
AACGGACGTACGTATA-1,1
AACGGCCATCTCCGGT-1,6
AACGTACTGTGGGTAC-1,5
AACGTAGTCTACCCAT-1,4
AACGTCAGACTAGTGG-1,2
AACGTGATGAAGGACA-1,3
AACGTGCGAAAGTCTC-1,4
AACTACCCGTTTGTCA-1,3
AACTAGCGTATCGCAC-1,7
AACTAGGCTTGGGTGT-1,7
AACTCAAGTTAATTGC-1,7
AACTCCAGAGCGTGTT-1,2
AACTCCTAATCCCATG-1,3
AACTCGATAAACACGT-1,4
AACTCGATGGCGCAGT-1,7
AACTCTCAATAGAGCG-1,1
AACTCTCAGTGTGCTC-1,6
AACTGATATTAGGCCT-1,2
AACTGGGTCCCGACGT-1,2
AACTGGGTTCGAGCCG-1,3
AACTGGTGTGGGCCTT-1,3
AACTTCTGCGTCTATC-1,2
AACTTGCCCGTATGCA-1,1
AACTTGCGTTCTCGCG-1,7
AACTTTAGCTGCTGAG-1,7
AAGAAGGATCAGTTAG-1,3
AAGACATACGTGGTTT-1,1
AAGACCAAATAACTCA-1,6
AAGACCCAACTGAACA-1,1
AAGACTAACCCGTTGT-1,7
AAGACTCACGCCCACT-1,4
AAGACTGCAAGCTACT-1,1
AAGAGATGAATCGGTA-1,4
AAGAGCTCTTTATCGG-1,1
AAGAGGATGTACGCGA-1,4
AAGAGGCATGGATCGC-1,2
AAGAGGCCCTTTGGAA-1,3
AAGATGGCACCGGACC-1,6
AAGATTGGCGGAACGT-1,1
AAGCACCCTGCGTATC-1,1
AAGCATACTCTCCTGA-1,1
AAGCCGAAGCGGTTTA-1,3
AAGCCGCCGTGAAATC-1,6
AAGCGCAGGGCTTTGA-1,4
AAGCGGCGTCATGGGT-1,3
AAGCGTCCCTCATCGA-1,5
AAGCTAGATCGAGTAA-1,1
AAGCTCGTGCCAAGTC-1,2
AAGCTCTTTCATGGTG-1,1
AAGGAGAACTTATAAG-1,4
AAGGAGCGGTTGGTGC-1,2
AAGGATCGATCGCTTG-1,3
AAGGATGAGGGACCTC-1,1
AAGGCAGGCTGTCTCC-1,3
AAGGCGCGTAAAGCTT-1,4
AAGGCTGTGCTCATCG-1,1
AAGGGAACGACTGGCT-1,6
AAGGGACAGATTCTGT-1,1
AAGGGACTATGCATTC-1,6
AAGGTATCCTAATATA-1,2
AAGGTGATAAACCAGC-1,1
AAGTAAGCTTCCAAAC-1,3
AAGTAGAAGACCGGGT-1,1
AAGTAGTGACGCGAGG-1,4
AAGTCAATTGTCGTCA-1,3
AAGTGACGACCGAATT-1,4
AAGTGAGTCGGGTTTA-1,5
AAGTGCAAAGGTAGAC-1,4
AAGTGCCTTGACTGTA-1,3
AAGTGCGTTAGAATCT-1,5
AAGTGCTTCTCTATTG-1,5
AAGTGTTTGGAGACGG-1,1
AAGTTCACTCCAAGCT-1,1
AAGTTCAGTCTGCGTA-1,3
AAGTTCGGCCAACAGG-1,6
AAGTTGTGATGTTATA-1,4
AAGTTTACTAATGGCA-1,3
AAGTTTATGGGCCCAA-1,1
AATAACAACGCTCGGC-1,1
AATAACACTAGAACAA-1,6
AATAAGTCCTCGAGAC-1,2
AATACAATGTTTCAGG-1,4
AATACCGGAGGGCTGT-1,6
AATACCTGATGTGAAC-1,4
AATAGAACAGAGTGGC-1,6
AATAGAATCTGTTTCA-1,1
AATAGCTACCGCGTGC-1,3
AATAGTCCGTCCCGAC-1,7
AATATCAAGGTCGGAT-1,7
AATATCGAATCAATGC-1,3
AATATCGAGGGTTCTC-1,2
AATATTGGAGTATTGA-1,1
AATCAGACTGCAGGAC-1,7
AATCATGTAAAGACTC-1,1
AATCCAAGGGCCTGAG-1,1
AATCCATGCAAGGGTG-1,7
AATCGCCTCAGCGCCA-1,1
AATCGCGCAGAGGACT-1,3
AATCGGGACACTACGA-1,2
AATCGGTATAGCCCTC-1,4
AATCGTGAGCCGAGCA-1,2
AATCTAGGTTTACTTG-1,5
AATCTATGCCGGAGCC-1,3
AATCTCTACTGTGGTT-1,7
AATCTGCGTTGGGACG-1,1
AATCTGGCTTTCTAGT-1,6
AATCTGGGTAGACCCT-1,2
AATGACAGCAATGTCT-1,5
AATGACGTAGGATGTC-1,2
AATGACTGTCAGCCGG-1,1
AATGAGTTCGCATATG-1,4
AATGATGATACGCTAT-1,1
AATGATGCGACTCCTG-1,1
AATGCAACCGGGTACC-1,2
AATGCACCAAGCAATG-1,3
AATGGTCCACCGTTCA-1,2
AATGGTTCTCACAAGC-1,1
AATGTATGGCACTGTA-1,5
AATGTGCCCGAGGTGT-1,6
AATGTGCTAATCTGAG-1,6
AATTAAAGGTCGGCGT-1,4
AATTAACGGATTTCCA-1,1
AATTACGAGACCCATC-1,5
AATTACTCGTACGCTC-1,7
AATTAGCGCTGCAGCG-1,1
AATTCATAAGGGATCT-1,2
AATTCATTGTCATGCA-1,6
AATTCCAAGCATGTAC-1,1
AATTCGATTCGAGGAT-1,2
AATTCTAGAGTTAGGC-1,1
AATTGAACGCTCTGGT-1,2
AATTGCAGCAATCGAC-1,3
AATTGCGTGGATTACA-1,6
AATTTGGGACATAGTA-1,1
AATTTGGTTCCAAAGA-1,1
ACAAACCATGCGTCCT-1,6
ACAAACCGACAAGGCG-1,3
ACAAAGCATGACCTAG-1,3
ACAAATCGCACCGAAT-1,1
ACAAATGGTAGTGTTT-1,2
ACAAATTCAGATCTGA-1,4
ACAACAGCATGAGCTA-1,1
ACAACGGTCCCTGCGA-1,2
ACAAGCAGTGCCTAGC-1,1
ACAAGGAAATCCGCCC-1,1
ACAAGGACAAGAGGTT-1,1
ACAAGGATGCTTTAGG-1,1
ACAAGGGCAGGCTCTG-1,1
ACAATAGTCGTACGTT-1,1
ACAATCCATTTAAACC-1,4
ACAATCGATCTTTATA-1,2
ACAATGAATACGGAGA-1,5
ACAATTGTGTCTCTTT-1,2
ACAATTTGAGCAGTGG-1,2
ACACAAAGACGGGTGG-1,2
ACACACCAGGACCAGT-1,1
ACACACTTTCTACACG-1,1
ACACATGATCAAATCT-1,6
ACACATTGACGCAACA-1,7
ACACCCAGCATGCAGC-1,2
ACACCCGAGAAATCCG-1,1
ACACCGGTCTGACCGC-1,6
ACACCTTAAGTAGGGC-1,1
ACACCTTACTACTTGC-1,3
ACACGAGACTCCTTCT-1,1
ACACGGCACTATGCAT-1,2
ACACGGGAACTTAGGG-1,1
ACACGTAGGCCACAAG-1,3
ACACTCCAATGTCACT-1,3
ACACTGATCAAGGTGT-1,5
ACACTGGGACAGTCGT-1,4
ACAGAACTGAGAACAA-1,6
ACAGATTAGGTTAGTG-1,2
ACAGCATAGAGCCAGT-1,1
ACAGCGACATTCTCAT-1,3
ACAGCGCACCCGCAGC-1,2
ACAGGCTTGCCCGACT-1,1
ACAGGTGGAGGTGAGG-1,5
ACAGTAATACAACTTG-1,4
ACATAAGTCGTGGTGA-1,5
ACATAATAAGGCGGTG-1,2
ACATCAGCTGGGACGC-1,2
ACATCCCGGCCATACG-1,5
ACATCCTGGTAACTGT-1,1
ACATCGATCGTTTACC-1,7
ACATCGGTCAGCCGCG-1,7
ACATCGTATGCAATGG-1,1
ACATCGTTAACCTAGT-1,3
ACATCTCAACGCGTAA-1,3
ACATGGCGCCAAAGTA-1,3
ACATGGCTCAATTTAG-1,7
ACATTAGTTTATATCC-1,1
ACCAAACTAGAAATCC-1,3
ACCAACACCACACACT-1,3
ACCAACCGCACTCCAC-1,4
ACCAACGCTTATTTAT-1,6
ACCAAGAACGCGTGTC-1,1
ACCAATATGCAAGTTA-1,1
ACCACAACTCAGAACA-1,2
ACCACAAGTTTCTATC-1,1
ACCACCAATGTAACAA-1,3
ACCACGTGCAGCTATA-1,4
ACCACTGTTCAAGAAG-1,7
ACCAGCCCGGTCTTTG-1,2
ACCAGGAGTGTGATCT-1,7
ACCAGTGCCCGGTCAA-1,3
ACCAGTGCGGGAGACG-1,2
ACCATATCCGCAATAA-1,4
ACCATCCGCCAACTAG-1,4
ACCATCGTATATGGTA-1,5
ACCCAACGCCCGTGGC-1,1
ACCCACCTACATGCTC-1,2
ACCCATCTTGAGGGTA-1,1
ACCCATTTGTCCCTCT-1,3
ACCCGAGCGAAATTAC-1,6
ACCCGGAAACTCCCAG-1,1
ACCCGGATGACGCATC-1,1
ACCCGGTTACACTTCC-1,4
ACCCGTGTCATCAGTA-1,4
ACCCTATAGGACTGAG-1,7
ACCCTATGCCATATCG-1,6
ACCCTCCCTTGCTATT-1,1
ACCCTTCATCTGCGAA-1,2
ACCCTTTAGTTCTCCA-1,3
ACCGAAAGGGCCCTGC-1,2
ACCGAAGAGTCTGGTT-1,6
ACCGACACATCTCCCA-1,1
ACCGACTGAGTCCCAC-1,2
ACCGATGGTAGCATCG-1,1
ACCGCAATAACTGCCT-1,1
ACCGCGGTGGAAGTCG-1,3
ACCGGGCCTTTGTTGA-1,2
ACCGGTCAGGTACACC-1,6
ACCGGTCTGAGTACGG-1,7
ACCGTCCACTGGGCCC-1,6
ACCGTGACCACGTGGG-1,5
ACCGTTCCCGCTCTGA-1,2
ACCTAAGTACCTTTCA-1,6
ACCTAATCGACTTCCT-1,1
ACCTACAGTATGTGGT-1,3
ACCTACTATAAATCTA-1,5
ACCTCCGCCCTCGCTG-1,3
ACCTCCGTTATTCACC-1,3
ACCTCGAACTTATGCT-1,6
ACCTGCGTGTCATGTT-1,1
ACCTTTCCTTTAGAAG-1,4
ACGAAATGGGCGGCAC-1,4
ACGACTGGTCATACTC-1,6
ACGAGAACCCATCACG-1,7
ACGAGATATTTGCTTA-1,2
ACGAGGATACCACTCT-1,6
ACGAGGTTTACAACGT-1,6
ACGAGTACGGATGCCC-1,3
ACGATACATAGAACTA-1,1
ACGATCATACATAGAG-1,4
ACGATCATCTTGTAAA-1,3
ACGATGCATATGTTAT-1,7
ACGATGGATCCGATGC-1,1
ACGCAAACTAATAGAT-1,5
ACGCAATCACTACAGC-1,3
ACGCATACGTTTACTA-1,3
ACGCATTCGTGAGTAC-1,7
ACGCCAGATGATTTCT-1,2
ACGCCCAGCTGTCGAT-1,3
ACGCCGCTAGACGACC-1,2
ACGCGAAGTCAGACGA-1,4
ACGCGCTACACAGGGT-1,4
ACGCGGGCCAAGGACA-1,4
ACGCTAGTGATACACT-1,2
ACGCTGTGAGGCGTAG-1,1
ACGCTTAGTGTCTCTC-1,3
ACGGAATTTAGCAAAT-1,4
ACGGACTCTCAAAGCG-1,1
ACGGAGCGCAAATTAC-1,3
ACGGATGGTGCGGATA-1,1
ACGGCACTTGCTTGGG-1,7
ACGGCCAACATGGACT-1,4
ACGGCGACGATGGGAA-1,1
ACGGCGGGTTGCCCTG-1,7
ACGGCTGGATGTAGAA-1,6
ACGGGAGTGTCGGCCC-1,5
ACGGGTCATGTGACTT-1,4
ACGTACAGATTTCTCT-1,2
ACGTAGATTGCTGATG-1,4
ACGTATTACTCCGATC-1,2
ACGTCCTAAACGAGAT-1,4
ACGTGCGCCTCGTGCA-1,2
ACGTGGTCGAATGTGC-1,3
ACGTTAATGTCGAAGA-1,2
ACGTTAGATTTGCCCG-1,1
ACGTTCCGCGCTCCGT-1,2
ACGTTCGCAATCAATT-1,3
ACGTTCGTTCAGGAAA-1,5
ACGTTCTGTACAAGTC-1,3
ACGTTTAGTTGTGATC-1,2
ACTAATACGTCAGGCG-1,3
ACTACATCCCGACAAG-1,6
ACTACCAGCTCTCTGG-1,2
ACTACGCGTTAGAATT-1,7
ACTAGTTGCGATCGTC-1,3
ACTATATGCTGTGTTC-1,3
ACTATCCAGGGCATGG-1,3
ACTATCTGCCCGCGTA-1,3
ACTATGTCCAGCTGCC-1,6
ACTATTCGTCCGTGGT-1,2
ACTATTTCCGGGCCCA-1,6
ACTCAACGAATGTATT-1,7
ACTCAAGTGCAAGGCT-1,1
ACTCAATAAAGGCACG-1,2
ACTCAGACCTGCTTCT-1,3
ACTCATGGCAGCCTTC-1,6
ACTCCAATATCATCAT-1,6
ACTCCCATTCCTAAAG-1,3
ACTCCCGAATTCGTTT-1,2
ACTCCCTAATGCTAAA-1,1
ACTCCCTAGAATAGTA-1,1
ACTCGCCGTTCGATAA-1,4
ACTCGTAACCCGTCCT-1,5
ACTCGTCAGTAATCCC-1,1
ACTCTCTGACTTAGGT-1,1
ACTCTCTTATACACGA-1,3
ACTCTTGTATAGTAAC-1,1
ACTGAAACGCCGTTAG-1,1
ACTGAATGGCGAAAGT-1,2
ACTGATTTAGTGATTC-1,3
ACTGCCCGCCATTCTC-1,5
ACTGCCGTCGTAACTC-1,2
ACTGCTCGGAAGGATG-1,5
ACTGTACGATACACAT-1,2
ACTGTAGCACTTTGGA-1,4
ACTGTATACGCGAGCA-1,4
ACTGTCCAGGATTATA-1,4
ACTGTCTTCTTTAGAA-1,4
ACTGTGCTAGTAGATC-1,3
ACTGTTTAGTGTAGGC-1,7
ACTTACCGGGCGCGCA-1,3
ACTTACGCATCCACGC-1,2
ACTTAGTACGACAAGA-1,3
ACTTATACTTACCCGG-1,1
ACTTATCTGATCTATA-1,4
ACTTATTAGGATCGGT-1,1
ACTTATTTATGTGCCA-1,1
ACTTCAGGCTGATCCC-1,1
ACTTCCATGCGGGACA-1,1
ACTTCGCCATACGCAC-1,1
ACTTGACTCCCTCTTT-1,1
ACTTGCCATATTGTAC-1,3
ACTTGGGACCCGGTGG-1,2
ACTTGTAGTCCCTTCA-1,1
ACTTGTGGATGGAACG-1,3
ACTTTACCCTCATGAA-1,3
ACTTTCCTATAGCTTC-1,2
ACTTTGACTGCATCCT-1,1
ACTTTGGTCGTGCTCC-1,6
AGAAATTATGACTCGC-1,4
AGAACCCTCAATTGGG-1,5
AGAACGTGGTACATTC-1,2
AGAAGAGCGCCGTTCC-1,7
AGAAGGTACACTTCAC-1,5
AGAAGGTTGCCGAATT-1,5
AGAAGGTTGTAGGTCG-1,1
AGAAGTGATTCGTGAT-1,5
AGAATAAATCTTCAGG-1,4
AGAATGCGGGTTCGGA-1,4
AGAATTATGGATTCGA-1,2
AGAATTGTTTGACATA-1,3
AGACATAGATCCTTCC-1,3
AGACCAAACCACACCT-1,8
AGACCATGGGATACAA-1,2
AGACCCACCGCTGATC-1,4
AGACCCGCCCTCCTCG-1,2
AGACCGCTCCGCGGTT-1,3
AGACCGGGAAACCCTG-1,1
AGACGAAGTGCCGGTC-1,1
AGACGACGATGCCGCT-1,6
AGACGGGATTGGTATA-1,3
AGACGGGCCGATTTAA-1,3
AGACTAGCCTTCCAGA-1,1
AGACTGTTACCGGGTC-1,5
AGAGAAACACCAGAAA-1,6
AGAGAACCGTCTAGGA-1,1
AGAGAAGGAGTACAAT-1,6
AGAGATCTCTAAAGCG-1,4
AGAGCAGTTATGAGAC-1,1
AGAGCCGCCGAGATTT-1,3
AGAGCGGGCTAATCAT-1,2
AGAGCGTACAAGCTCG-1,2
AGAGGCTTCGGAAACC-1,3
AGAGGTATCTCGGTCC-1,7
AGAGTAAACTTCACTA-1,3
AGAGTTAGAGACCGAT-1,3
AGATAACTTCAGGGCC-1,1
AGATACCGGTGTTCAC-1,7
AGATACGACTTCATAT-1,3
AGATACTCAAGATCGA-1,1
AGATATAATACGACTA-1,1
AGATCGTGCATAAGAT-1,2
AGATCTCAGGTGTGAT-1,2
AGATGACTCGCCCACG-1,2
AGATGAGGGTTGCGAT-1,2
AGATGATGGAGTCTGG-1,1
AGATGCAAGACGTGCA-1,6
AGATGCTATAACGAGC-1,7
AGATTATAGGACGTTT-1,1
AGATTCACAACCGATA-1,5
AGCAAAGGCCGCTAGT-1,4
AGCAACATATCTTATT-1,1
AGCAACCGAAAGTAAT-1,6
AGCACACGTTTAGACT-1,6
AGCACCAGTACTCACG-1,4
AGCACTACCGGCCTGT-1,1
AGCACTACCTCACCAG-1,2
AGCACTTAAGGACGCC-1,1
AGCAGAAGGAGAAAGA-1,2
AGCAGCCAGATGAATA-1,7
AGCATATCAATATGCT-1,1
AGCATCATTTCGAAAG-1,6
AGCATCGTCGATAATT-1,1
AGCATTACGAGGCAAG-1,4
AGCCAAGCTTTGTGTC-1,4
AGCCACAGGTTACCCG-1,1
AGCCACTCCCGTGCTT-1,1
AGCCCATACATGTAAG-1,4
AGCCCGGCATTAGAGG-1,6
AGCCCGGTAGCCTGTA-1,5
AGCCCTAAGCGAAGTT-1,2
AGCCCTCCCTGGTGGC-1,6
AGCCCTTCTAATCCGA-1,2
AGCCGTGGCTAAATGT-1,6
AGCCTAATACCCACGT-1,6
AGCCTTAAAGCGGAAG-1,2
AGCGACAGGAACGGTC-1,6
AGCGACATCCCATTCA-1,2
AGCGACCAACGATATT-1,4
AGCGAGACGTGAAGGC-1,6
AGCGATGCGCCTAATA-1,3
AGCGCATAATGAATCG-1,1
AGCGCGGGTGCCAATG-1,2
AGCGCTTATGGGCAAG-1,3
AGCGGACACTTCGTAG-1,4
AGCGGCGGTTAGCGGT-1,6
AGCGGGAAGGGTCCAT-1,3
AGCGGGTCTGACACTC-1,1
AGCGGTTGAGATGTAC-1,3
AGCGTAGCGCTAGACC-1,7
AGCGTCTGAACCCGCA-1,7
AGCGTGGTATTCTACT-1,2
AGCGTTCCGATTTAAA-1,3
AGCTAACAAGCAATGT-1,6
AGCTAAGTACGCAGGC-1,1
AGCTAGAAGCAGAAGT-1,2
AGCTATTTAATCCAAC-1,1
AGCTCCATATATGTTC-1,3
AGCTCCTTCGCACATC-1,1
AGCTCTAGACGTTCCA-1,2
AGCTCTTCCCAGTGCA-1,2
AGCTCTTCGTAACCTT-1,3
AGCTCTTTACTCAGTT-1,5
AGCTGAAGTAAACCAA-1,2
AGCTGTAACCTCAATC-1,5
AGCTTATAGAGACCTG-1,7
AGCTTCAATACTTTGA-1,3
AGCTTGATCTTAACTT-1,4
AGGAAAGCCTCTGATG-1,4
AGGAAGCTGTCCGCCG-1,1
AGGACAGTCGAATCCC-1,1
AGGACATCGCACGTCG-1,1
AGGACGACCCATTAGA-1,5
AGGACGCTCGATGTTG-1,2
AGGAGGCCTTCGCGCG-1,2
AGGATAAAGTCGGGAT-1,4
AGGATATAGGGATTTA-1,1
AGGATCACGCGATCTG-1,5
AGGCAAAGAGGAATCA-1,4
AGGCACGTGACTGTCC-1,4
AGGCAGATGCGTAAAC-1,1
AGGCAGGGAGCGTACT-1,5
AGGCATTGTCGTAGGG-1,2
AGGCCACCCGTTATGA-1,4
AGGCCCATTGTACAGG-1,2
AGGCCCTAGAACGCCA-1,5
AGGCCTGAGAATCTCG-1,2
AGGCGGTTTGTCCCGC-1,6
AGGCGTCTATGGACGG-1,7
AGGCTATGGTTAGCTT-1,4
AGGCTTCCCGAAGAAG-1,6
AGGCTTGCTAGACACC-1,2
AGGGAAACGAGGTACT-1,3
AGGGACAGCACGGCGG-1,7
AGGGACCGGCTGCGTT-1,3
AGGGACTCTACGCGAC-1,4
AGGGAGACATACTTCG-1,3
AGGGCAGCGGCGTGGT-1,3
AGGGCGAGCAGCTGAT-1,4
AGGGCGTGATCGGCTA-1,1
AGGGCTGCAGTTACAG-1,4
AGGGTCAGAGCACTCG-1,6
AGGGTCGATGCGAACT-1,1
AGGGTGCCGTTCTTTA-1,5
AGGGTGCTCTCGAGGG-1,1
AGGGTGGATAGTGCAT-1,2
AGGGTTCCCTTTGGTT-1,1
AGGGTTTAGTTCGGGA-1,7
AGGTAACCTCCTATTC-1,3
AGGTACGATATTGCCA-1,2
AGGTAGATCGAGATAT-1,6
AGGTAGGTACAAAGCT-1,1
AGGTATAATTGATAGT-1,3
AGGTCAGGTGAGAGTG-1,1
AGGTCGCCACTTCGGT-1,7
AGGTCGCGGAGTTACT-1,3
AGGTGGTGACCTTCGC-1,7
AGGTGTATCGCCATGA-1,1
AGGTTACACCATGCCG-1,3
AGGTTCTCCTTTCCGG-1,6
AGGTTGAGGCACGCTT-1,2
AGGTTTCACACACCTT-1,7
AGTAACGTTCATCCTG-1,3
AGTAACTATAGCAGCC-1,4
AGTAATGTCTTGCCGC-1,2
AGTAATTTGCAAGCGT-1,6
AGTACATCATTTATCA-1,3
AGTACCTTCGAGTGCT-1,4
AGTACGGCCCGTATCG-1,1
AGTACGGGCACCTGGC-1,1
AGTACGTGGCCTGTCT-1,2
AGTACTCTTATGCCCA-1,1
AGTAGAAGGCGCCTCA-1,5
AGTAGCGTGAACGAAC-1,3
AGTAGCTAGACGCCGA-1,4
AGTAGGAAGGAAGTTG-1,2
AGTAGGTAACATACAT-1,3
AGTATAATACTAGGCA-1,1
AGTATACACAGCGACA-1,5
AGTATCCATAATAACG-1,4
AGTATGCTGGAGACCA-1,6
AGTATTTGGCACGACC-1,1
AGTCAAATGATGTGAT-1,6
AGTCAACACCACCATC-1,4
AGTCAAGATGACACTT-1,2
AGTCACTAGCTCTCGA-1,1
AGTCACTCCGCCTCAT-1,7
AGTCAGCCACCGCCTG-1,2
AGTCCAGCGGGTACGT-1,4
AGTCCATTGGCTGATG-1,1
AGTCCCGCCTTTAATT-1,2
AGTCGACGGTCTCAAG-1,1
AGTCGGCCCAAACGAC-1,1
AGTCGGCTCAACTTTA-1,5
AGTCGGTTGCGTGAGA-1,3
AGTCGTATAAAGCAGA-1,1
AGTCGTCGACCACCAA-1,1
AGTCGTGGGCATTACG-1,6
AGTCTAAAGTATACTC-1,3
AGTCTCACAAGACTAC-1,6
AGTCTGGACATCCTTG-1,4
AGTCTTCTCCTCAAAT-1,2
AGTCTTTAAAGTGTCC-1,1
AGTGAACAAACTTCTC-1,3
AGTGACCTACTTTACG-1,5
AGTGACTGTGACACAA-1,5
AGTGAGACTTCCAGTA-1,2
AGTGAGCCTCGCCGCC-1,1
AGTGAGGGTTTCTGAC-1,3
AGTGATAACCTGCGCG-1,1
AGTGATATGAGTAGTT-1,5
AGTGATTCAAGCAGGA-1,1
AGTGCACGCTTAAGAA-1,2
AGTGCGTAGCTCGTAA-1,5
AGTGCTAAACACAGCA-1,1
AGTGCTTGCACGAATA-1,1
AGTGGCGGCAATTTGA-1,2
AGTGGCGTCTGAAGGT-1,1
AGTGGCTCCGTCGGCC-1,2
AGTGGTGTTACCCGTG-1,1
AGTGTATTGCGCATTG-1,1
AGTGTGCTAAGATCGC-1,7
AGTGTGGTCTATTGTG-1,2
AGTTAAACACTTGCGA-1,4
AGTTAAGCGGTCCCGG-1,2
AGTTAAGTCAACCGCT-1,6
AGTTACCGCACATGGT-1,2
AGTTACTCTATCGTGG-1,2
AGTTATTGAAAGGTAA-1,3
AGTTCCTACAGAATTA-1,4
AGTTCCTATTTATGTT-1,7
AGTTCTGCGTTGTATC-1,7
AGTTGACATCGGCTGG-1,7
AGTTGACGGTCCTTGC-1,4
AGTTGCTGACTGATAT-1,2
AGTTTCGCAGGTCGGA-1,2
AGTTTGCACCTGCCTC-1,1
AGTTTGGCACGGGTTG-1,3
AGTTTGGCCAGACCTA-1,5
ATAAACCATTGGACGG-1,7
ATAAACGGACCCGTAA-1,4
ATAAACGTTGCACCAC-1,3
ATAAAGGCTCGGTCGT-1,4
ATAAAGGTCAAGTACG-1,3
ATAAATATTAGCAGCT-1,1
ATAACGCCGGAGGGTC-1,2
ATAACGGAGTCCAACG-1,1
ATAAGGTGGAGAACAT-1,1
ATAAGTAGGATTCAGA-1,3
ATAAGTAGGGCGACTC-1,3
ATAAGTTACCGCGACG-1,5
ATAATACCGTTAGCCG-1,4
ATAATAGCTGTTGAAT-1,1
ATAATAGTGTAGGGAC-1,2
ATAATCTTGGAGAACC-1,1
ATAATTAGCTAAGTAG-1,1
ATACAGGCCCTCCAAT-1,1
ATACCACGGGCAACTT-1,1
ATACCAGCAAATTGCT-1,3
ATACCAGGCTAATAGA-1,3
ATACCAGGTGAGCGAT-1,7
ATACCTAACCAAGAAA-1,1
ATACGCCGATCTACCG-1,4
ATACGCCGGCGAAACC-1,1
ATACGGAACGTCGTTT-1,5
ATACGGGTTTCGATTG-1,2
ATACGGTGAAGATGCA-1,1
ATACGTACTTAGCCAC-1,1
ATACGTCCACTCCTGT-1,1
ATACGTTATGCACGGA-1,1
ATACTACCCGTACCAC-1,3
ATACTAGCATGACCCT-1,2
ATACTCTCGCCACTCT-1,7
ATACTGCCTTACACCG-1,1
ATACTTGTTCTCGAGC-1,7
ATAGACAACGGGACCT-1,1
ATAGACGAAGAGAAAG-1,4
ATAGAGTACTGGGACA-1,2
ATAGAGTTATCAACTT-1,2
ATAGATTTGCAGTCGG-1,2
ATAGCAACTAGGGAAG-1,3
ATAGCCTCAGTACCCA-1,7
ATAGCTGCTCTTGTTA-1,7
ATAGGAATCTAAGCTT-1,4
ATAGGCGGCTATAGAA-1,4
ATAGGCTAGCTTCGCA-1,2
ATAGGGATATCCTTGA-1,1
ATAGGTTGGGCAGATG-1,1
ATAGTCTTTGACGTGC-1,2
ATAGTGAAGCGTTCTC-1,5
ATAGTTCCACCCACTC-1,1
ATATAAAGCGCTCGTG-1,1
ATATAAATGTAGCTGC-1,2
ATATAACACGGGCGCA-1,4
ATATACGCTCGTGACG-1,3
ATATAGAGTATTGGTC-1,6
ATATCAACCTACAGAG-1,3
ATATCAATTCCAGCCT-1,5
ATATCGGTAGGGAGAT-1,3
ATATCGTGCCAGACCC-1,3
ATATCGTTCCTCGAAC-1,1
ATATCTCCCTCGTTAA-1,2
ATATCTTAGGGCCTTC-1,7
ATATGTCTCCCTAGCC-1,1
ATATTCAGTTAAACCT-1,5
ATATTCCACATAGTGA-1,1
ATATTCCCACAGGTCA-1,1
ATATTGCTGTCAAAGT-1,2
ATATTTAACCCTCAAG-1,1
ATCAAACACTGTTCCA-1,3
ATCAAACGAAGGTTTG-1,6
ATCAATCTGGGCTGCA-1,4
ATCAATGCCGTGGCTG-1,6
ATCACATTAGAATATC-1,1
ATCACGTGCTAATTAA-1,5
ATCACTTCATCCTCGC-1,2
ATCAGACGGCACGCCG-1,6
ATCAGCCTCATGCTGC-1,1
ATCAGCTCGTCCACTA-1,5
ATCAGGTCGCCATTGC-1,3
ATCAGTAGGCAGGGAT-1,1
ATCATAGCCCTATGTA-1,3
ATCATCCAATATTTGT-1,7
ATCATCTGCCCAGTGT-1,3
ATCCAACGCAGTCATA-1,2
ATCCAATGGAGGGTCC-1,7
ATCCACATCGACAGAA-1,4
ATCCACGCTAAATGTT-1,3
ATCCAGAGCAACAACC-1,5
ATCCAGGATTCGTGAA-1,5
ATCCCATCCACAGCGC-1,6
ATCCTACCTAAGCTCT-1,5
ATCCTGAATCGCTGCG-1,4
ATCCTGCGTGGAATGG-1,4
ATCCTGCTGCAGATAG-1,7
ATCGACCCAATACAGA-1,4
ATCGACTCTTTCCGTT-1,2
ATCGCACGATTGTTCA-1,7
ATCGCACGCCGGGAGA-1,1
ATCGCCAGTCAACATT-1,3
ATCGCTGCGTGCAGCA-1,3
ATCGGAGACAGACGGC-1,2
ATCGGCAAGCAGTCCA-1,2
ATCGTGGAAAGTCTGG-1,5
ATCGTTAGCTAGCGGA-1,3
ATCGTTCACTTTCGCC-1,2
ATCTAATATCCTACGG-1,4
ATCTAGCTTGTGAGGG-1,1
ATCTCCCACGGAATAT-1,3
ATCTCCCTGCAATCTA-1,2
ATCTCGTGAGCGAAAC-1,3
ATCTGACATGGAAGGA-1,5
ATCTGATAGTGTCTTA-1,7
ATCTGCACCTCTGCGA-1,2
ATCTGCTGTTATCGCC-1,4
ATCTGGGCTGTTCTTG-1,1
ATCTGGTTAAGACTGT-1,2
ATCTGTAATTGTACCC-1,1
ATCTTAGGGCATTAAT-1,6
ATCTTATCGCACACCC-1,3
ATCTTGACCTGCAACG-1,4
ATCTTGACTTGTCCAA-1,3
ATGAAGCCAAGGAGCC-1,1
ATGACGCCGGCTCTAA-1,1
ATGACGCGTTCTATCC-1,6
ATGACTATCAGCTGTG-1,5
ATGACTATGCGACATT-1,1
ATGAGGAGTGTTAATC-1,1
ATGATCGGGAATAGAC-1,1
ATGATGCAATGGTACA-1,5
ATGCACGCGCTGTTCA-1,6
ATGCACTACCGCATTG-1,1
ATGCATGATCCAGGAT-1,4
ATGCATTCCGTGATGG-1,7
ATGCCAATCGCTCTGC-1,3
ATGCCATTTGCGACCA-1,2
ATGCCGGTCTTGCATA-1,1
ATGCCGGTTGATGGGA-1,2
ATGCGACAATTGGTCC-1,4
ATGCGACAGTCCCATT-1,1
ATGCGAGTCCCACCAC-1,3
ATGCTCAGTGTTGCAT-1,1
ATGCTCTGGCGCGGTA-1,1
ATGCTTAGGAGTTGAT-1,3
ATGGAAATTTAAGGAG-1,5
ATGGAGCAGGCCGTGA-1,4
ATGGATCCGGCGTCCG-1,1
ATGGATTGACCAAACG-1,2
ATGGCAGCATTACGAT-1,6
ATGGCTGGAAATGGCC-1,2
ATGGGAACGGAAGCGG-1,3
ATGGGACCTGCTGAAC-1,5
ATGGGCCTCGGCCTCT-1,2
ATGGGTGTATACCTCC-1,6
ATGGTATTTACTGATT-1,6
ATGGTCGCGTGGTTTC-1,1
ATGGTGCTCAAAGCCA-1,4
ATGTAAGGCTGCTCTT-1,3
ATGTACATGCGGTGAG-1,4
ATGTACGATGACGTCG-1,1
ATGTAGCGCGCGTAGG-1,4
ATGTGAAAGCCTAATG-1,5
ATGTGCATCCGACGCA-1,1
ATGTGGACATCTTGAT-1,2
ATGTGTAGTTTAGTCA-1,3
ATGTTACGAGCAATAC-1,3
ATGTTCGTCGACCCAC-1,1
ATGTTGTAGTCTGTTT-1,5
ATTAAACATGCGGACC-1,7
ATTAATACTACGCGGG-1,1
ATTAATGAACCAGTCG-1,1
ATTAATTCGGTCACTC-1,2
ATTACAACTACCGGCC-1,2
ATTACATGTCAGTCTT-1,3
ATTACCACACTGCCTG-1,4
ATTACGCGCTGGCAGG-1,4
ATTACTAGCCTCTTGC-1,2
ATTACTTACTGGGCAT-1,3
ATTAGATTCCTCAGCA-1,3
ATTAGATTGATAGCGG-1,1
ATTAGGCGATGCTTTC-1,2
ATTATACTTTGCTCGT-1,1
ATTATAGCTACTTTAC-1,3
ATTATCTCGACAGATC-1,2
ATTATGAGACCCAATT-1,5
ATTATGCCATAGGGAG-1,1
ATTATTATGTCCGTCA-1,5
ATTCAAAGTACCTGTT-1,7
ATTCAACCATTTAAGG-1,3
ATTCACTGATGTTGGA-1,4
ATTCAGGACCTATTTC-1,2
ATTCAGGATCGCCTCT-1,3
ATTCAGTAGCAGGGTC-1,4
ATTCATATACTGTCCA-1,4
ATTCATCGTTGAGGCA-1,1
ATTCCCACATAAACAA-1,2
ATTCCTAAGACGTGGA-1,3
ATTCCTCCGCCAGTGC-1,1
ATTCCTTCCAGGCGGT-1,7
ATTCGACGCCGGGCCT-1,4
ATTCGTGCTATCTCTT-1,3
ATTCTCGTCTCTTTAG-1,2
ATTCTGAGTATGAACT-1,2
ATTCTTCGTACTTATG-1,3
ATTGAAGATCTTAGTG-1,4
ATTGACGTAACTCGGT-1,2
ATTGATAGCAACGAGA-1,7
ATTGATCACCACATTT-1,5
ATTGATGAGTCCTAAC-1,2
ATTGCCTATTAGACCG-1,6
ATTGCCTTTATGTTTG-1,1
ATTGCGATCAGTAACT-1,2
ATTGCTGCTCCTCCAT-1,4
ATTGGATTACAGCGTA-1,3
ATTGGGAATATCTTGG-1,1
ATTGGTTGTGCATTAC-1,4
ATTGTACAACTCGGCT-1,2
ATTGTCGCAATACCTT-1,2
ATTGTGACTTCGCTGC-1,4
ATTTAACTCGTATTAC-1,2
ATTTACAGTTTACTGG-1,1
ATTTACTAAGTCCATT-1,2
ATTTCATTATTTCGCG-1,1
ATTTCCGGGTTCTGCG-1,6
ATTTGCCTAGTTACGA-1,7
ATTTGCGCGAGTAGCT-1,5
ATTTGTCTTGGGAGCT-1,2
ATTTGTTCCAGGGCTC-1,2
CAAACGAGTATCGCAG-1,5
CAAACGGTCGCACTTT-1,1
CAAACGTGGTCTTGCG-1,3
CAAACTACGATAGAGA-1,1
CAAACTATTGAGCTTC-1,1
CAAACTCGCGACGCCG-1,3
CAAAGATTATTGGGCC-1,5
CAAATCTCTCACAAGG-1,5
CAAATGCGGAGTGTTC-1,4
CAAATGTCCTTCCGTG-1,5
CAAATTGTCAGCAAGC-1,1
CAACAGAATAACGCTA-1,3
CAACAGTGCCAAACGG-1,4
CAACATGGCCTGATAA-1,4
CAACCTACCGAGCAGT-1,3
CAACGACCCGTTTACA-1,1
CAACGGTTCTTGATAC-1,2
CAACGTGGTGGAGTCT-1,3
CAACTATATCGAATGC-1,2
CAACTCCAACGTTTAG-1,3
CAACTCCGTAACTTGC-1,5
CAACTCCTTGATCCCG-1,2
CAACTGCTCATCCGAT-1,4
CAACTTGTAGTGGGCA-1,3
CAAGAGGGCGGAGTAC-1,1
CAAGATATTATAACGT-1,2
CAAGCAACGTCGGAGT-1,1
CAAGCACCAAATGCCT-1,1
CAAGCGGCACATAATT-1,1
CAAGGATCGCATGTTC-1,4
CAAGGTCCTATAGGCT-1,3
CAAGTGAACTTTGGTT-1,3
CAAGTGTGGTTGCAAA-1,2
CAATAAACCTTGGCCC-1,2
CAATACGCTCTGAGGC-1,2
CAATATGTAGATTTAC-1,4
CAATATTCTTGACCTA-1,6
CAATCCATTATCCGTT-1,7
CAATCCCTATACCAGC-1,2
CAATCCTGCCGTGGAG-1,4
CAATGCGAGAAGTATC-1,1
CAATGGAATCTACATA-1,2
CAATGGATCTCTACCA-1,2
CAATGGTCGGCCTGGG-1,2
CAATGTGCCAACCCTT-1,3
CAATTAAGGGTGATGA-1,1
CAATTTCGTATAAGGG-1,4
CAATTTGACCGGGAAG-1,7
CACAAGAAAGATATTA-1,4
CACAAGCTAAGAAAGG-1,6
CACAATGAGCTGCTAT-1,5
CACACACGCTAACGAG-1,3
CACACAGCTTGCGCTC-1,3
CACACAGGGATAGATT-1,2
CACACGCGCTGTCTTA-1,2
CACACGTTTCAATGGG-1,2
CACACTTGTATTGCGA-1,2
CACAGAGACGAGGACG-1,6
CACAGCACCCACGGCA-1,1
CACAGCTAGGGAGTGA-1,2
CACAGGGCCATATAGT-1,1
CACAGGGCCGTTGTCA-1,7
CACAGTCCCGCTTCGC-1,3
CACAGTTCGCTTCCCA-1,3
CACATAAGGCGACCGT-1,4
CACATATTAGCAGGAT-1,2
CACATCGTGCACGCGC-1,6
CACATCTCACCGACGA-1,1
CACATGATTCAGCAAC-1,7
CACATGTTTGGACATG-1,7
CACATTCTTTCGATGG-1,1
CACATTTCTTGTCAGA-1,3
CACCAGTCAGCATGCA-1,6
CACCATCGGAGGAGAC-1,2
CACCCAAATCTTATGT-1,1
CACCCACACGTCACCC-1,1
CACCCACGAGGCAATT-1,1
CACCCGGTTTGTGACT-1,6
CACCCTAACAAGATCT-1,1
CACCCTTGGTGAGACC-1,6
CACCCTTTCCTCGCTC-1,7
CACCGATACACCGAGC-1,1
CACCGCCAGAAGGTTT-1,2
CACCGCCGACCAGCGA-1,2
CACCGCGTCCACTCTA-1,2
CACCGGAGATATCTCC-1,3
CACCGGTAGAGACATT-1,6
CACCGTATCCCATCCG-1,3
CACCGTTAGGGATCAC-1,6
CACCGTTGCGCGATAT-1,5
CACCTAATAGAGTCGT-1,2
CACCTAATCAGTTTAC-1,2
CACCTCGATGGTGGAC-1,1
CACCTTGCGAAACTCG-1,2
CACCTTGGCGCCTTTG-1,1
CACGAAAGTTAGTCCC-1,1
CACGACCACAGACTTT-1,7
CACGACGTAATAGTAA-1,4
CACGACTAAAGTTCTG-1,7
CACGATTGGTCGTTAA-1,4
CACGCACAGCGCAGCT-1,2
CACGCAGCGAGGCTTT-1,4
CACGCGGAACTGTTGC-1,1
CACGGCGCGCCAAAGG-1,3
CACGGGATTGAGGGTT-1,2
CACGTCGGCAACCTCT-1,5
CACGTCTATGATGTGG-1,3
CACGTTCGTGCTCTAG-1,2
CACGTTTCGTACACAC-1,2
CACTAAAGTTGCCTAT-1,4
CACTACGGGAGCTGCC-1,3
CACTACTCAGTTCTGT-1,2
CACTCAAGAGCTATGG-1,4
CACTCAGCTCTTGAGG-1,2
CACTCCTATGTAAGAT-1,6
CACTCCTCTCGGTCGG-1,2
CACTCGAGCTGAACAA-1,1
CACTCGGTTAGGAGGA-1,2
CACTCTTCTGCTAGCC-1,3
CACTGACGATTGTGGA-1,1
CACTGTCCAAGTGAGA-1,2
CACTTAATCAGACGGA-1,4
CACTTCGCCACAGGCT-1,2
CACTTCGTCTTATCTC-1,7
CAGAACTTAGCCCTCT-1,1
CAGAATAACACACGGA-1,3
CAGACACCGATCGCTG-1,5
CAGACCTGTAAGTGTT-1,2
CAGACGAACCTGATAC-1,5
CAGAGACGGTCACCCA-1,4
CAGAGCATGAGCTTGC-1,2
CAGAGGCGATGCATGA-1,5
CAGAGTGATTTAACGT-1,1
CAGATACTAACATAGT-1,1
CAGATATGAAGATGAC-1,5
CAGATCATTTAAAGTC-1,3
CAGATCCTGGTTTGAA-1,6
CAGCAGCCCGTTCCTT-1,2
CAGCAGTCCAGACTAT-1,2
CAGCAGTCTGTGCTGC-1,1
CAGCCCTCACAGGCAG-1,3
CAGCCGGGCCCTCTAT-1,1
CAGCCTCCTGCAGAGG-1,2
CAGCCTCTCCTCAAGA-1,3
CAGCGATTCCCTTCAA-1,5
CAGCTCACTGAGACAT-1,7
CAGCTCGACAAGTTAA-1,1
CAGCTCGTGCTTGTGT-1,3
CAGCTGGCGTAACCGT-1,5
CAGCTTAGTAGGTAGC-1,1
CAGGAAGACTTTATAT-1,1
CAGGATATATCGTTGT-1,7
CAGGATCCGCCCGACC-1,7
CAGGCAGTCTTACCAG-1,1
CAGGCCGTTTGGGTGT-1,4
CAGGCGCACGGTGGTC-1,6
CAGGCGCCATGCTAGG-1,1
CAGTAACTATTTATTG-1,3
CAGTAATCCCTCCCAG-1,2
CAGTACATTCTCTAAA-1,3
CAGTACCAGTTTACGT-1,5
CAGTAGCCCACGCGGT-1,2
CAGTAGCGAGGTAGTA-1,7
CAGTCGAGGATGCAAT-1,2
CAGTCTCTCGGCTAAT-1,7
CAGTCTGTATACTGGG-1,7
CAGTGAATAAATGACT-1,2
CAGTGGTTGCACATGA-1,3
CAGTGTCCGCAGAATG-1,3
CAGTGTCGGCTGGCCC-1,1
CAGTGTTAATCTCTCA-1,5
CAGTTCAAATTGACAC-1,2
CAGTTCCGCGGGTCGA-1,7
CATAACGGACAGTCGT-1,1
CATAAGAAGCTTGGCT-1,1
CATAAGCTCTCCGTCT-1,1
CATAATGAGCGGGCGA-1,7
CATACAAAGCCGAACC-1,2
CATACACGGTTCCCAC-1,4
CATACCCGTACCCAGT-1,4
CATACGAACTAGCTGG-1,6
CATACGGCGTCTGGGC-1,4
CATACGGGTGCATGAT-1,7
CATACTATGTAATTGT-1,4
CATACTTAGGCAATAC-1,3
CATAGCCGCCCGGGAT-1,7
CATAGCGTTGCCCACC-1,6
CATAGTACATTGAGAG-1,1
CATAGTAGCATAGTAG-1,1
CATAGTCAAATACATA-1,3
CATAGTCCACAAGAAC-1,5
CATATACTACTGATAA-1,2
CATATAGGTACAGTCA-1,5
CATATGTCAGGCTACG-1,5
CATATTATTTGCCCTA-1,2
CATCATCTACCCGGAC-1,2
CATCATTACCCTGAGG-1,2
CATCCAATATAGTTTG-1,6
CATCCGCAGGCCCGAA-1,4
CATCCTCTCAAAGATC-1,1
CATCGAATGGATCTCT-1,4
CATCGCCCGCGGCCAA-1,2
CATCGGACGGGTTAAT-1,1
CATCTATCCCGTGTCT-1,2
CATCTTACACCACCTC-1,1
CATGAACCGACATTTG-1,2
CATGAACCTCTTATCA-1,2
CATGACTTCGCTGAAT-1,3
CATGAGATGCACTCTC-1,1
CATGATCGCTTTGAGA-1,4
CATGATGCACAATTCT-1,1
CATGATGGAAGTTAGC-1,4
CATGCACGTGTTACTG-1,3
CATGCATGGAGACCCT-1,4
CATGCCAACTCGCAAA-1,4
CATGCGACCAGTTTAA-1,1
CATGCGTTAGACAGAA-1,2
CATGCTGGCTCCAATT-1,2
CATGGAAATGGGACCA-1,4
CATGGATTGTCTTCCG-1,3
CATGGCAGGAAGATCG-1,1
CATGGGTATGCCTTAT-1,1
CATGGGTCGGGTGTGG-1,1
CATGGTAAGTAGCGTT-1,1
CATGGTATTAGTTTGT-1,5
CATGGTCTAGATACCG-1,1
CATGTAAGAGACATTT-1,1
CATGTAGGAGCGCCAA-1,7
CATGTCTCATTTATGG-1,1
CATTACGTCGGCCCGT-1,2
CATTATAACAGGGTCC-1,4
CATTATCCCATTAACG-1,5
CATTATGCTTGTTGTG-1,2
CATTCACTGACAGCTA-1,2
CATTCAGGTCAGTGCG-1,7
CATTCCCTAAGTACAA-1,7
CATTGCAAAGCATAAT-1,3
CATTGCGAAATGGGCG-1,1
CATTGTGTGCTAGATC-1,7
CATTTAGCGGACCATG-1,1
CATTTATCGTTCAAGA-1,1
CATTTCTAGCAGACTA-1,4
CATTTGAGTGGTACGT-1,6
CCAAACAGAACCCTCG-1,1
CCAAAGCAGTTGGTTG-1,4
CCAAATAACAAGATTC-1,3
CCAACCTTATGTAACT-1,6
CCAACGATGCACTGAT-1,2
CCAACGCTTGCCAGGG-1,3
CCAAGAAAGTGGGCGA-1,5
CCAAGACTTCTGCGAA-1,2
CCAAGCGTAACTCGTA-1,1
CCAAGGAACAGAGAGG-1,2
CCAATAGTGCCGTCGA-1,1
CCAATCGGTAGATCGA-1,2
CCAATGTCACAGCAAG-1,4
CCAATTACGGGTCGAG-1,2
CCAATTGAATGTTAAT-1,2
CCACAATGTACGTCTT-1,2
CCACACTGAGATATTA-1,4
CCACAGCTGAAATCAT-1,7
CCACAGTACCCATCCT-1,2
CCACATACTGCACCCA-1,4
CCACCAACTTTACTGT-1,6
CCACCCAAGGAAAGTG-1,1
CCACGAATTTAACCTC-1,3
CCACGAGAAGAGAATC-1,2
CCACGGAGCCATAAGA-1,5
CCACGGTGCCCGGTAG-1,2
CCACTAAACTGAATCG-1,4
CCACTGGTGGCTGGTT-1,1
CCACTGTTTGGATTAA-1,3
CCAGAAAGCAACTCAT-1,6
CCAGAGACAAAGCCGG-1,2
CCAGATAGTTGAGTGA-1,2
CCAGCCTGGACCAATA-1,4
CCAGCTACGCCTCATA-1,7
CCAGCTCGAACGCATT-1,1
CCAGCTGATGGTACTT-1,1
CCAGCTTCCGCCCGCA-1,2
CCAGGGACGTGGCCTC-1,1
CCAGTAGTCTGATCCA-1,1
CCAGTCAAATCTCTTA-1,1
CCAGTCCATTATTCGA-1,7
CCAGTCTAGACGGCGC-1,2
CCAGTCTTGTCATAGA-1,4
CCATAAACAACCCGAC-1,2
CCATACCTTTACTTGT-1,3
CCATAGGTTGGCGTGG-1,2
CCATAGTCAGTAACCC-1,3
CCATATGGAAACTATA-1,3
CCATATTGGATCATGA-1,7
CCATCCATACCAAGTC-1,2
CCATCGCAGTTAAACT-1,1
CCATCTCACCAGTGAA-1,1
CCATCTTGTTCACAAT-1,7
CCATGCCCTAGATTTC-1,3
CCATGCCTGTTTAGTA-1,1
CCATGCTCTGCAGGAA-1,2
CCATGGCCCTTGTACC-1,1
CCATGTTCATCTATAT-1,6
CCATTAGCGATAATCC-1,2
CCATTCCCTGCCCACA-1,1
CCATTTCTACCTATTA-1,1
CCCAAACATGCTGCTC-1,1
CCCAACATACGTCGCG-1,5
CCCAACCACACTAACA-1,3
CCCAAGAATGCACGGT-1,3
CCCAAGACAGAGTATG-1,7
CCCAATGAGATTTGCA-1,6
CCCAATTTCACAACTT-1,7
CCCAGAGGAGGGCGTA-1,2
CCCAGGTCTGAAGGCT-1,3
CCCAGTAAACTTGGGA-1,5
CCCAGTTAAGGCGCCG-1,1
CCCATATAGGTCGATT-1,3
CCCGAAGTTTCGCGAA-1,1
CCCGACCATAGTCCGC-1,2
CCCGAGTTTCTCCGTA-1,3
CCCGCAGCGCGAACTA-1,1
CCCGCAGGGCCCAAAG-1,2
CCCGCCATGCTCCCGT-1,2
CCCGCGCAATGCACCC-1,2
CCCGCTAGAGGGTTAA-1,3
CCCGGCACGTGTCAGG-1,4
CCCGGGTCGTTCAGGG-1,4
CCCGGTGGAAGAACCT-1,4
CCCGGTGTATCGGAAT-1,5
CCCGTAAGTCTAGGCC-1,4
CCCGTAGCTGGGAAGA-1,6
CCCGTCAGCGTCTGAC-1,1
CCCGTTTCGCAGATGT-1,2
CCCTAGTGTCAGGTGT-1,7
CCCTATGTAGAGCAGA-1,6
CCCTCATTCTGGAATT-1,1
CCCTCCTCGCTCGTAT-1,2
CCCTCGGGAGCCTTGT-1,7
CCCTGAAATGAGTTGA-1,4
CCCTGACTAACAAATT-1,1
CCCTGATGTAACTCGT-1,7
CCCTGCCCAATCCGCT-1,1
CCCTGCGCTACGCATA-1,1
CCCTGGTATGGGCGGC-1,2
CCCTGTTGGCAAAGAC-1,7
CCCTTCTCGTACGCGA-1,4
CCCTTTAATGGAGTTC-1,3
CCCTTTGACAGGTCTT-1,5
CCGAAAGTGGTGAGCA-1,2
CCGAACACTGGGCCTC-1,7
CCGAACCTTCCCGGCC-1,1
CCGAAGTATATTGTTC-1,7
CCGACAAACACATGAG-1,4
CCGACAAAGGGAGTGC-1,1
CCGACAATAGGCCGCC-1,3
CCGACGGGCATGAGGT-1,6
CCGACGTAAACACAAC-1,2
CCGACTCGCATAGTCT-1,3
CCGAGAAGTCGCATAA-1,3
CCGAGCTGTGCTTGTC-1,4
CCGAGGGATGTTAGGC-1,3
CCGATCTCAACCTTAT-1,1
CCGATTCGAGGGACCC-1,1
CCGATTGGTCAATGAA-1,4
CCGCACAAAGACCAAC-1,4
CCGCACGTGACCTCGG-1,2
CCGCATGTGGTACGAT-1,4
CCGCCACCACAATCCA-1,3
CCGCCGGAACTTCTCG-1,5
CCGCCGGTCAACACAC-1,2
CCGCCGTTGAGGATAA-1,3
CCGCCTGCGAATTGGT-1,2
CCGCGATTTGGTAGGT-1,4
CCGCGGAATGCGTCAC-1,5
CCGCGGGTACGAAGAA-1,1
CCGCGTAGGTAAGGGC-1,7
CCGCTATCAGCACCAG-1,4
CCGCTCTTCCGAACTA-1,3
CCGCTGGTGCCATTCA-1,2
CCGCTTACCTCACTCT-1,5
CCGCTTCGCGGTTAAC-1,7
CCGCTTGCTGACATGG-1,3
CCGGAATGGTTTCAGT-1,2
CCGGAGCGTACTTTCT-1,4
CCGGCACGACCGTTTC-1,3
CCGGCGCATATTGGAT-1,2
CCGGCGTGAGACTCTG-1,4
CCGGGACCCGCAGAGA-1,1
CCGGGCGGTCTCGTCA-1,1
CCGGGCTAAGAATTTC-1,5
CCGGGCTGCTCCATAC-1,1
CCGGGTTCGAGGTTAC-1,4
CCGGTAATGGCTAGTC-1,3
CCGGTTTGTAATTGTG-1,5
CCGTAAGTTGGTCCCA-1,1
CCGTACCCAAGCGCCA-1,3
CCGTAGGAAATCCCTG-1,3
CCGTAGGGTTGTTTAC-1,3
CCGTATCTCGTCGTAG-1,6
CCGTATTAGCGCAGTT-1,4
CCGTCAACCTCTGGCG-1,6
CCGTGCCCATGACGGC-1,2
CCGTGGAACGATCCAA-1,3
CCGTGTTAAATTCCAT-1,7
CCGTTACGTTAGAACA-1,2
CCGTTCCGAATCTCGG-1,4
CCTAAACAGGGTCCGT-1,4
CCTAAAGGCTGACGCT-1,2
CCTAAATTAACGGTTC-1,4
CCTAAATTGTATCCTA-1,3
CCTAACCCAAACAAGT-1,1
CCTAACTAAGGCTCTA-1,2
CCTAAGTGTCTAACCG-1,7
CCTACAAGTCCGGAAT-1,4
CCTACATTCACAGACG-1,6
CCTACGCGACCTTACA-1,3
CCTACGGCTCAGTCGA-1,2
CCTACTGCTTACACTT-1,2
CCTAGGCGTAGCGATC-1,2
CCTAGGTAAAGGTAGC-1,5
CCTAGTTAGTCGCATG-1,2
CCTATAATGAGTGCCC-1,1
CCTATACCGTCCTGTC-1,5
CCTATATCGTGTCACG-1,6
CCTATATTTGTCCTGG-1,4
CCTATCTATATCGGAA-1,2
CCTATGAAGTGGTGCC-1,3
CCTATGGCTCCTAGTG-1,5
CCTATGGGTTACCGTC-1,2
CCTATGGTCAAAGCTG-1,1
CCTATGTCCACTCCAC-1,1
CCTCACCAATCTTGAC-1,2
CCTCACCTGAGGGAGC-1,2
CCTCACCTTAGCATCG-1,2
CCTCATGCAGCTACGA-1,7
CCTCCCGACAATCCCT-1,2
CCTCCGACAATTCAAG-1,4
CCTCCTAGCTAGAGTC-1,6
CCTCCTGTTGTGTCGT-1,2
CCTCGAAGTGGACGGG-1,2
CCTCGACCCACTGCCT-1,4
CCTCGCCAGCAAATTA-1,2
CCTCGCGCGATATAGG-1,1
CCTCGCGCTGTGCGAT-1,4
CCTCGGACCGGGATAG-1,1
CCTCGGATGCTACCTG-1,2
CCTCGGTTTCCTTGCC-1,5
CCTCTAATCTGCCAAG-1,1
CCTCTACAAGGATTGG-1,6
CCTCTATCGATTAGCA-1,6
CCTCTCTCCCATCTAG-1,1
CCTCTGGCCTAGACGG-1,2
CCTCTGTACTATTCTA-1,4
CCTGAACGATATATTC-1,2
CCTGAATATTTACATA-1,1
CCTGACCACCGATGGT-1,7
CCTGACGCAACCTTTA-1,3
CCTGCGTTCTACGCTT-1,2
CCTGCTATTTGAGAAG-1,1
CCTGGAAACGTTCTGC-1,3
CCTGGCTAGACCCGCC-1,2
CCTGGTCGAATGTGGG-1,2
CCTGTAAGACATGATA-1,4
CCTGTACTCACGCCCA-1,4
CCTGTCACCCGGGCTC-1,1
CCTGTCCCTCACGTTA-1,3
CCTGTCGCCCGTAAAT-1,2
CCTGTGCATAGGAGAC-1,4
CCTGTGCGGATTGTAA-1,7
CCTGTTTGAAGACACG-1,1
CCTTCAGTTAAAGTGA-1,5
CCTTCGTATAGAATCC-1,5
CCTTCTCAGCGTTCCT-1,7
CCTTCTTGATCCAGTG-1,1
CCTTGACCACTTTATT-1,3
CCTTTAAGGGAGCACT-1,5
CCTTTCAATGAAGAAA-1,1
CCTTTGAATTATGGCT-1,6
CGAAACATAGATGGCA-1,2
CGAAACGCAATTCATG-1,4
CGAACAGTATGGGCGT-1,1
CGAACCCGCATGCGTC-1,4
CGAACGCCCAGTGCCG-1,2
CGAACGGCCGGACAAC-1,5
CGAAGACTGCCCGGGA-1,4
CGAAGCTATAAATTCA-1,3
CGAAGGGTTTCAGATT-1,6
CGAAGTTGCTCTGTGT-1,4
CGAATCTGCTCGACGC-1,5
CGAATGAAGTCATTGC-1,6
CGAATGACGCATAATG-1,4
CGAATTACATGGTGTT-1,3
CGACAATTTGATCTAA-1,1
CGACACGCTCCGACAG-1,1
CGACAGTTCGCGTTAT-1,7
CGACATGCGATCTTCT-1,3
CGACCCTTAACGCCGG-1,5
CGACGCATCCGTACCT-1,5
CGACTCAGGATGTTAT-1,1
CGACTTTGTATAGCCT-1,3
CGAGACCCTAGAGTGT-1,7
CGAGAGATGTGAACCT-1,1
CGAGAGCGCGTAGATA-1,4
CGAGAGCTTTCACTAC-1,1
CGAGAGGGTAGCCGCG-1,3
CGAGATGTTGCCTATA-1,7
CGAGATTTCGCTCGGG-1,3
CGAGCACTTCAAGTTT-1,4
CGAGCGTTGATCAGCC-1,2
CGAGCTGGGCTTTAGG-1,1
CGAGGCCAGGCATTGG-1,4
CGAGGCTAAATATGGC-1,2
CGAGGGACTGCGGTCG-1,1
CGAGGGTATCCAGGTG-1,2
CGAGTACTAAAGAGGA-1,5
CGAGTGAAGGTACCAG-1,5
CGAGTGCTATAGTTCG-1,4
CGAGTTCTGTCCCACC-1,1
CGAGTTTATCGGACTG-1,2
CGATAATACTCAGGTT-1,3
CGATACCTCGCGGACA-1,5
CGATAGCGATACAGTG-1,6
CGATAGTCGTACTGCA-1,1
CGATATTAGCCGCAGG-1,7
CGATCCGACCCAGTGC-1,4
CGATCCTCGCAACATA-1,6
CGATCTGTTGGAGGAC-1,5
CGATGGACCCTACGCC-1,2
CGATGTTGTTATCTAC-1,6
CGATTAAATATCTCCT-1,4
CGATTCGCCTGGCTGC-1,1
CGCAAACACGAGTTAC-1,4
CGCAATTACTTTCGGT-1,1
CGCAATTAGGGTAATA-1,4
CGCAATTCTACAATAA-1,4
CGCACATGTCCACTAC-1,1
CGCACGTCTGTTTATG-1,5
CGCACGTGCGCTATCA-1,1
CGCAGAAACATTTGCG-1,3
CGCAGATCTTCACCCG-1,3
CGCAGGCGATCCAAAC-1,3
CGCATCATGGCTTCAG-1,2
CGCATGGTGCGATGCT-1,2
CGCATTAGCTAATAGG-1,4
CGCCAAGAAGCCGAGT-1,4
CGCCACAGGTCGCGAT-1,5
CGCCACCCGCATTAAC-1,7
CGCCATCCGATTATGA-1,1
CGCCCAGCACGCCTAG-1,5
CGCCCAGCGTTTCACG-1,2
CGCCCGCTTCCGTACA-1,2
CGCCCTAATTGTTCAA-1,6
CGCCCTTACATCCACC-1,4
CGCCCTTGAAGGCTGA-1,2
CGCCGCCCATGCCTGT-1,1
CGCCGCGTTCTGAACG-1,5
CGCCGTTCAGCATAGT-1,3
CGCCTCCCTCCTCTAT-1,2
CGCCTGGCCTACGTAA-1,1
CGCCTTTAGCATGCTC-1,3
CGCGAAGTGGCATACT-1,3
CGCGACCGCGACAGAT-1,1
CGCGAGAGGGACTTGT-1,3
CGCGAGTCTGCCGGGT-1,6
CGCGCAAATGTCCAGA-1,6
CGCGCAAGGAACTACA-1,7
CGCGCATGTTTGATTG-1,5
CGCGCCCGACTTAATA-1,2
CGCGGCAGTATTACGG-1,7
CGCGGCTCAACTTGAA-1,1
CGCGGGAATTAGGCAG-1,1
CGCGGTCACAAACCAA-1,3
CGCGTCATATTAAACC-1,3
CGCGTGCTATCAACGA-1,4
CGCGTTCATGAAATAC-1,1
CGCTACGGGACATTTA-1,4
CGCTAGAGACCGCTGC-1,1
CGCTATACCGCCCACT-1,2
CGCTATTCAATGTATG-1,2
CGCTATTCTTAGGCTC-1,7
CGCTCGACATAATGAT-1,2
CGCTCTCCGTAGATTA-1,1
CGCTGAGGACGTCCAA-1,7
CGCTGGTGACTACCCT-1,1
CGCTGTGACGCCGCAC-1,1
CGCTGTGTGGATGTTG-1,5
CGCTTAGTATTGATAC-1,4
CGCTTATTCCCGGTCG-1,7
CGCTTCCACTGAAATC-1,2
CGCTTCGGTCTAAGAC-1,4
CGCTTTCATACCGGTG-1,2
CGCTTTCTTGCATTCG-1,1
CGGAAAGAATCAAACG-1,5
CGGAAATTTCACATCC-1,3
CGGAACGTAAACATAG-1,6
CGGAGCAATTTAATCG-1,4
CGGAGCATGGCGATCC-1,1
CGGAGCTTATAACACC-1,3
CGGAGTTTGAGAGACA-1,2
CGGATAAGCGGACATG-1,2
CGGATCCTCAAGGACT-1,1
CGGCAAACATCGTGCG-1,1
CGGCAATAAGATCGCC-1,3
CGGCACCGTTAGCGCC-1,1
CGGCACTCAAGAAAGT-1,4
CGGCAGGGTCGGGTTG-1,1
CGGCCACGCACAAAGT-1,7
CGGCCAGAGCGACCAT-1,5
CGGCCCAACCTGTAGT-1,3
CGGCCCAGGTATATCC-1,3
CGGCGCCATCAATCCC-1,1
CGGCTCTAAAGCTGCA-1,3
CGGCTCTTCGTCGAAC-1,3
CGGCTGCAAGATTAAG-1,3
CGGCTTTGTATGATAA-1,3
CGGGAATATAGTATAC-1,3
CGGGAATTTATGTAAA-1,1
CGGGAGCTTCAGTGTA-1,1
CGGGAGTATACCGCCG-1,7
CGGGATCAATGTAAGA-1,2
CGGGCAGCTAAACCGC-1,1
CGGGCCATAGCCGCAC-1,7
CGGGCCTTCTTTGTAA-1,4
CGGGTGTACCCATTTA-1,1
CGGGTTCGGCACGTAT-1,7
CGGGTTGTAGCTTTGG-1,7
CGGGTTTGTTAGGGCT-1,3
CGGTACTAGAATCAAA-1,1
CGGTAGAGGTGCAGGT-1,2
CGGTATAGGTATTAGC-1,3
CGGTCAAGTGGGAACC-1,1
CGGTCCGTCGCAAGCC-1,4
CGGTCTATCAACCCGT-1,1
CGGTGAAGACTAAAGT-1,1
CGGTGCAGATAGAACG-1,4
CGGTGCGCGTTGGTCC-1,6
CGGTGGGCTCCAGCCT-1,3
CGGTGTACTTGATCCC-1,2
CGGTTATCCAACAGTG-1,2
CGGTTCAAGTAGGTGT-1,3
CGGTTCCGGCTTCTTG-1,7
CGGTTGACCTGGCATA-1,1
CGGTTGAGTATCCTTC-1,6
CGGTTGGGTTCAAGTT-1,3
CGGTTTATGAAGGAAC-1,3
CGTAAACGCTTGAGTG-1,7
CGTAACTTCGACACTT-1,5
CGTACCTGATAGGCCT-1,1
CGTAGAGAGTAATTAT-1,1
CGTAGCGAATTGTCAG-1,2
CGTAGCGCCGACGTTG-1,3
CGTATTAAGAGATCTA-1,1
CGTCAAGGCTATAAAT-1,7
CGTCAATCTTTAACAT-1,7
CGTCACGTCCATTGGT-1,5
CGTCAGTGCGCACAAG-1,3
CGTCAGTTTATCGTCT-1,7
CGTCATACCATATCCA-1,4
CGTCGCATGTGAGCCA-1,1
CGTCGCGGCGGGATTT-1,7
CGTCGCTTGGTTATAC-1,6
CGTCGGATAGTGTTGA-1,2
CGTCGGGTCTAAGCGC-1,6
CGTCGTCCTTCGCGAA-1,1
CGTCTGGAAGGGCCCG-1,2
CGTGAAGTTAATTCAC-1,4
CGTGACATTGGGTCGT-1,2
CGTGACCAGTCCTCTG-1,4
CGTGCAGACTGGGACA-1,2
CGTGCATTGTCGACGC-1,1
CGTGCCCGACATTTGT-1,7
CGTGCCCTCCCGAAGA-1,2
CGTGCTTCTACCTAAA-1,6
CGTGGCCGAATATCTA-1,3
CGTGGTACCCAAAGGC-1,6
CGTGTATGGGAGCTGA-1,7
CGTGTCCCATTCGCGA-1,2
CGTGTCTCGTTACGAC-1,6
CGTGTGTTAAACCCTG-1,3
CGTTAAACTAGTTAGG-1,3
CGTTAATGTCCCGACG-1,1
CGTTAGCTCACAACTG-1,2
CGTTCAGACCCGCGAA-1,1
CGTTCATGGTGCGCGT-1,5
CGTTCTTCGCACACCT-1,3
CGTTGAATACCGCGCT-1,1
CGTTGAGCGACCGTCG-1,2
CGTTGAGTAATTGCGT-1,3
CGTTGCCCGCGTGGGA-1,7
CGTTGTAAACGTCAGG-1,2
CGTTGTAAGATTGATT-1,3
CGTTGTCGGCAATTGA-1,1
CGTTGTTTCAATTCCC-1,1
CGTTTAAGCGGAGCAC-1,2
CGTTTCACTTCGGGCG-1,2
CGTTTCGCTCATTACA-1,4
CGTTTGTGTAGAGGGT-1,6
CTAAACGGGTGTAATC-1,7
CTAAAGAATGCCTACT-1,1
CTAAAGGGAAATAGGA-1,4
CTAAAGTCCGAAGCTA-1,4
CTAAATCCGGTGTACA-1,6
CTAAATCCTATTCCGG-1,1
CTAACCGCGCGCCCGT-1,4
CTAACGAAACTTGCTG-1,2
CTAACTGATAATCGCC-1,3
CTAACTGGTCCGGTTC-1,6
CTAAGGGAATGATTGG-1,1
CTAAGTACAGGGCTAC-1,4
CTAATTCGCACGCGCT-1,4
CTAATTCTCAGATATT-1,3
CTAATTTCAACAACAC-1,2
CTACAAGAAATAACCC-1,6
CTACACTAGCTTGTTC-1,7
CTACACTCGCAGATGG-1,3
CTACATATCGCGGGAC-1,6
CTACCCTAAGGTCATA-1,1
CTACGAACTAGGTCGA-1,3
CTACGACTAGCTATAA-1,1
CTACGATCCTATCCTA-1,6
CTACGCACGGAGTACC-1,4
CTACGCCATTTCCGAT-1,2
CTACGTGTTGCCACCA-1,7
CTACTATCATAGGTTT-1,5
CTACTATCTTTCAGAG-1,1
CTACTCAAGGTATAGT-1,5
CTACTCTAGGCCCGGC-1,1
CTACTGCCACCTGACC-1,1
CTAGACATATATGTAG-1,4
CTAGACTGCATTTCGT-1,3
CTAGATAAACTCCTCG-1,7
CTAGATGTGAGTGTAA-1,1
CTAGATTTACGACGGC-1,1
CTAGCAACTAATTTAC-1,4
CTAGCATAGTATAATG-1,4
CTAGCCGATGTTATGA-1,2
CTAGGCGCCCTATCAG-1,1
CTAGGCGGCAGAGAAT-1,7
CTAGGGATAGGGACAA-1,5
CTAGGTCTGAAGGAAT-1,3
CTAGGTTCGGACGTGA-1,1
CTAGTAGAAAGGGATT-1,1
CTAGTATTCGGAATTA-1,1
CTAGTCACGTCTTAAG-1,4
CTAGTGAAGGACAGGA-1,1
CTAGTTACAACCCGGT-1,1
CTAGTTGGGCCCGGTA-1,1
CTATAAGAGCCAATCG-1,1
CTATAGGCGTTGATGT-1,6
CTATCGACGAAATACA-1,1
CTATCGGGTCTCAACA-1,4
CTATGCCCGAATGCAA-1,4
CTATGGGAAGCGGAAT-1,3
CTATGTCACTAGCCCA-1,1
CTATGTCTATTGAAAC-1,2
CTATGTGAGTCACGGC-1,7
CTATTCATGTGTCCCA-1,7
CTATTGTGTTTGGTCA-1,3
CTATTTGCTTGGAGGA-1,4
CTATTTGGTTACGGAT-1,2
CTCAAACCACTGCCCG-1,6
CTCAACTAACCCGGAT-1,1
CTCAAGACATTAGCGC-1,3
CTCACATTTACTAAAT-1,4
CTCACTGTGATACTTA-1,2
CTCACTTGGCTGGTAA-1,4
CTCAGGACTCACCTGT-1,2
CTCAGTCACGACAAAT-1,1
CTCATAAATGTGTATA-1,4
CTCATGGCTCACAATC-1,2
CTCATGGTAATTTGCG-1,5
CTCATTGCTCTAACAA-1,1
CTCATTTGATGGGCGG-1,2
CTCCCAATGAGTCGCG-1,3
CTCCCTCCTTTCGATC-1,5
CTCCGCCCACATGAGG-1,5
CTCCGGCCTAATATGC-1,1
CTCCGGCTTGTAGACA-1,3
CTCCTAAGTTATGTCT-1,3
CTCCTCCAGCTCACAC-1,4
CTCCTGTTCAAGGCAG-1,4
CTCCTTTACGCAAGTC-1,3
CTCGAATGGAACGTAT-1,3
CTCGAGACATACGATA-1,5
CTCGAGGTCGAACAGT-1,1
CTCGATATTTGCGAGC-1,1
CTCGCACCTATATAGT-1,2
CTCGCATTGCATAGCC-1,6
CTCGCCGAATGTAGGG-1,1
CTCGGGCATCGTCGGG-1,7
CTCGGGTTCTCTGGCC-1,6
CTCGGTACCACTGCTC-1,1
CTCGGTCCGTAGCCTG-1,2
CTCGGTTGTCGGCCCT-1,6
CTCGTCGAGGGCTCAT-1,6
CTCGTTACGGCTACCA-1,5
CTCGTTTCTAATGTTT-1,3
CTCTAATGCATTGATC-1,3
CTCTACACTGGCGATT-1,7
CTCTAGCCCTCGGAAA-1,2
CTCTATTTGGCTGCAG-1,1
CTCTCACAATCGATGA-1,1
CTCTCGATGTGCGCCT-1,3
CTCTCTAACTGCCTAG-1,6
CTCTGCGAAGCAAGCA-1,2
CTCTGGACGCCTGGTG-1,4
CTCTGTGCCTGCTATG-1,7
CTCTGTTTGAGGATTC-1,2
CTCTTCTATTGACTGG-1,1
CTCTTCTGGAAGTTAG-1,6
CTCTTGTCCCGCTTGG-1,7
CTGAAAGAGATCCGAC-1,1
CTGAATCCGAGACCTC-1,1
CTGAATTTATTGCCAG-1,3
CTGACATAGAAATAGA-1,4
CTGACTGCGCAGCTCG-1,1
CTGAGAAAGTTCGGCG-1,3
CTGAGCAAGTAACAAG-1,3
CTGATAGTGTATCTCA-1,2
CTGCAAATGGGCTCCA-1,4
CTGCAAGCACGTTCCG-1,3
CTGCACAACTACATAT-1,2
CTGCACCTGGAACCGC-1,1
CTGCACTCCAGTACAG-1,4
CTGCAGAGAATCAGAG-1,3
CTGCCAAGGTTGGAAG-1,1
CTGCCATGCATCACAT-1,7
CTGCCTAGCCACCAAG-1,2
CTGCCTTTAATACCTT-1,6
CTGCCTTTCTAGTAAA-1,1
CTGCGGGTGAAATGTT-1,4
CTGCGGTAGTCACGTG-1,2
CTGCGTTACGATATAA-1,2
CTGCTGAGGCCACGAA-1,6
CTGCTGTCTAACGAGC-1,4
CTGCTTGGCGATAGCT-1,2
CTGCTTTATGTCCGCG-1,4
CTGGAAATGGATGCTT-1,1
CTGGAAGACACGGTGG-1,1
CTGGACGCAGTCCGGC-1,5
CTGGATTTACACTTGA-1,5
CTGGCATCCGAATGAG-1,6
CTGGCGACATAAGTCC-1,2
CTGGCGATTTACATGT-1,4
CTGGCGCACAGGTCTG-1,1
CTGGCGGGAATAAGTA-1,3
CTGGCTCCTGCGGGAT-1,7
CTGGCTGATTCATCCT-1,1
CTGGCTGCTAACGTAA-1,7
CTGGCTGGTTGTCAGT-1,1
CTGGGATAAATAATGG-1,1
CTGGGATACGCTACCC-1,3
CTGGGATCGCCCAGAT-1,4
CTGGGCACTAGTCGGA-1,4
CTGGGCCTGCTATATC-1,1
CTGGGCGGCCAAATGT-1,3
CTGGGTAGGCAGTTAA-1,2
CTGGGTTGAGTTAAAG-1,5
CTGGTAAAGTGTGGGC-1,4
CTGGTAACACATAGAA-1,2
CTGGTAACGAGCTCTT-1,2
CTGGTCATTCCAATCC-1,2
CTGGTCCTAACTTGGC-1,2
CTGGTGAATGGGCCTA-1,6
CTGGTTCAACGCATCA-1,4
CTGGTTTCGAGCAAGA-1,1
CTGTACTTCTTAGCAT-1,4
CTGTAGCCATCTCACT-1,5
CTGTAGTGAGGATCGA-1,5
CTGTATGGTGTAGAAA-1,1
CTGTCAAATGGCTCGG-1,2
CTGTCACGCCAGGCGC-1,2
CTGTGCAGGGTAGGTC-1,2
CTGTGGTCGGGAGATA-1,1
CTGTTACCCAATCTAG-1,5
CTGTTCACTGCCTGTG-1,1
CTGTTCATCTCACGGG-1,7
CTGTTGTTCAGTCGTA-1,6
CTTAACTTCGAAGTAC-1,2
CTTACACGGTATTCCA-1,1
CTTACACTGGGAAATA-1,1
CTTAGCCTTCCACATG-1,1
CTTAGGTATAGACCAG-1,6
CTTAGTAGGCCTACAG-1,1
CTTAGTGTAGTAGCAT-1,1
CTTAGTTGAGGAATCG-1,5
CTTATGCGCTCAGGGC-1,1
CTTATGTTGACTACCA-1,7
CTTCAACTCCACTTGG-1,1
CTTCAGTGGTCGCCTA-1,5
CTTCATAGCTCAAGAA-1,1
CTTCATTGTCAGTGGA-1,4
CTTCCGCTCCGTGAAG-1,5
CTTCCTGCATATTTAC-1,4
CTTCGGCCAATTGTTT-1,3
CTTCGTAGATAGGTGA-1,4
CTTCGTGCCCGCATCG-1,7
CTTCTATGTTGAAGTA-1,5
CTTCTATTAATGCTAG-1,6
CTTCTGGGCGTACCTA-1,5
CTTCTTACGTCGTATA-1,2
CTTGACCCGAAAGATA-1,2
CTTGAGGTTATCCCGA-1,7
CTTGAGTTAGGGTAAT-1,1
CTTGCAACCGCCTCCT-1,7
CTTGCCCAGGCTCTAC-1,4
CTTGGCCAAGCTGGGA-1,7
CTTGTACTTGTTGACT-1,1
CTTGTCAACATTCGAG-1,1
CTTGTCGTACGTGTCA-1,4
CTTGTGAGGACAGCGG-1,7
CTTGTGAGTCTTTGAC-1,4
CTTGTGCTCACCGATT-1,2
CTTGTTGCTGAGTCAA-1,1
CTTGTTTATGTAGCCA-1,7
CTTTAACTTTCAAAGG-1,1
CTTTAATATTGGTCGA-1,1
CTTTACCGAATAGTAG-1,1
CTTTAGGAACACTGTT-1,1
CTTTAGTGCTATTATT-1,4
CTTTCTGTGCGGGCTT-1,4
CTTTGAAACATATTCC-1,4
CTTTGCATCGCTCTTG-1,2
CTTTGGCGCTTTATAC-1,2
CTTTGGCTTTAGTAAA-1,2
CTTTGGGATTGTTGCA-1,5
CTTTGTCGAATGCTCC-1,5
GAAACAGATGACCACC-1,2
GAAACAGCCATGCAGT-1,2
GAAACATAGGAAACAG-1,6
GAAACCATGGTGCGCT-1,3
GAAACCGAATTACCTT-1,5
GAAACCTATACAAATG-1,5
GAAACTCGTGCGATGC-1,4
GAAACTCTAATGAAGG-1,2
GAAAGAACAGCGTTAT-1,1
GAAAGCAGTGCACTTT-1,5
GAAAGCCCTTTGGACC-1,1
GAAAGTGACTAACTGC-1,4
GAAATACCTGCTGGCT-1,3
GAAATACTAAACGTTT-1,3
GAAATATCACCATCAG-1,4
GAAATATGCTTGAATG-1,3
GAAATCGCGCGCAACT-1,1
GAAATGGCGGTGTTAG-1,1
GAAATGGGATGTAAAC-1,7
GAAATTAGCACGGATA-1,1
GAAATTCACATCGCTG-1,2
GAAATTGTCTCTATAA-1,5
GAACAACTGGGATGAA-1,2
GAACACACATCAACCA-1,1
GAACAGATTACTAAAT-1,1
GAACCATCTGGGAGAC-1,7
GAACCCTCTGTGTTCT-1,1
GAACCTCGACCTACAC-1,4
GAACCTTTAACGATCC-1,1
GAACGACCGAATGATA-1,1
GAACGCGGGTCACACG-1,3
GAACGTCTCATGGTCG-1,1
GAACGTTAGGAAGACG-1,2
GAACTGTGGAGAGACA-1,4
GAACTTAGCGCCCGGT-1,4
GAAGAAACGATATTGT-1,6
GAAGAACGGTGCAGGT-1,3
GAAGACTTCAATGCCG-1,3
GAAGCAAGGCAATGTT-1,4
GAAGCCACTGATTATG-1,1
GAAGCCTGCACATTCC-1,4
GAAGCGTGAGGAATTT-1,4
GAAGCTCGGACCCGTC-1,6
GAAGCTTGCTGACCGC-1,4
GAAGGACTAAATTGAA-1,4
GAAGGAGTCGAGTGCG-1,1
GAAGGGCATAACCATG-1,4
GAAGTCAGTTGCACTA-1,7
GAAGTCTCCCTAGCGA-1,1
GAAGTGATTTATCGTG-1,4
GAAGTGCTGGATAGCT-1,1
GAAGTTTCCACTCAAT-1,4
GAATAGACGCGACCCA-1,2
GAATAGCATTTAGGGT-1,3
GAATAGCCCTGCGGTC-1,4
GAATAGTGCTCGATTA-1,6
GAATATTCGGAGTCCC-1,2
GAATCGACATGGTCAC-1,1
GAATCGCCGGACACGG-1,3
GAATCTATACTCGGAC-1,3
GAATCTGAACATTCTC-1,4
GAATGCCGAAATGACC-1,2
GAATGCGAATCGGTTC-1,4
GAATGTATGGCAGGTC-1,2
GAATGTGGTCCGGATT-1,2
GAATGTTGGGTAATCT-1,2
GAATTATAGTGAAAGG-1,1
GAATTCACCCGGGTGT-1,5
GAATTTCTCGCTGCAG-1,2
GACAAACATATGCAGG-1,1
GACAACGACCATTGAA-1,2
GACAACGCAGCTTACG-1,1
GACAAGAGATGAGATT-1,4
GACACAAGGGAAGAAA-1,4
GACACGAGTTAGAGGA-1,2
GACACTGAGTTCAGTG-1,5
GACACTGGAACCCGAT-1,3
GACAGATTTCTGGCTC-1,4
GACAGCCAGACCTGAC-1,2
GACAGGCACACACTAT-1,4
GACATCCGTCGAACTG-1,1
GACATCGATTTATAAC-1,6
GACCAAACGTTGACTG-1,3
GACCAGAGCCCTGTAG-1,1
GACCAGGTCATTCATA-1,3
GACCCAATTATGATAC-1,6
GACCCGTCGCCGGCTA-1,2
GACCGACGTGAAAGCA-1,3
GACCGACTGAAGCGTC-1,1
GACCGATTAAATATGT-1,6
GACCGCGTCTGACGTG-1,3
GACCGTCAGGTCGTGA-1,2
GACCGTGCTGACGGTG-1,5
GACCTTCCACGTCTAC-1,1
GACGACGATCCGCGTT-1,1
GACGAGGCTAATAAAC-1,3
GACGCATACCCGTCGG-1,6
GACGCCGTAAAGGCTA-1,5
GACGCCTGTTGCAGGG-1,3
GACGCTTGCTTCTAAA-1,7
GACGGACCGCGTTCCT-1,3
GACGGGATGTCTTATG-1,4
GACGGGTTGGCCCGTA-1,5
GACGGTCAATAGAAGC-1,3
GACGTGAGACTCCATG-1,7
GACGTGTAGGGATTAT-1,7
GACTAACACAGCACCT-1,4
GACTAAGATCATGCAC-1,1
GACTAAGTAGGCTCAC-1,1
GACTACAAAGCGGTGG-1,6
GACTACAATTGCTCGT-1,3
GACTAGGCCGTTAGGT-1,1
GACTCACCCACGTGAG-1,3
GACTCCCAGAATAAGG-1,3
GACTCCTTCCAATTGA-1,6
GACTCGCGGGAATGAC-1,2
GACTCGGTCGGCGGAT-1,4
GACTGATTGGTCACAA-1,3
GACTGCAAATCGAGCT-1,1
GACTGCACCAGCCCAG-1,2
GACTGCGGCACGTGTA-1,1
GACTGCTGGTGAGAAA-1,6
GACTGGGCGCCGCAAC-1,3
GAGACTGATGGGTAGA-1,1
GAGACTTCGCGACCGA-1,7
GAGAGGGCGCGAGGTT-1,1
GAGAGGTGCATTCTGG-1,5
GAGAGTCTCGGGAGAG-1,5
GAGATCTGCTTGGCAT-1,1
GAGATCTGTCACTCCG-1,1
GAGATCTTCCATGACA-1,1
GAGATGGGAGTCGACA-1,1
GAGCACCTGTGTCCAG-1,1
GAGCATCAACAACTTG-1,6
GAGCATCATCCCTGGG-1,3
GAGCCACGGTAGTAGG-1,3
GAGCCAGCTACCTGTG-1,1
GAGCCGAGCGTTTATT-1,3
GAGCGAGGGAGTACCG-1,2
GAGCGCAAATACTCCG-1,3
GAGCGCGCACGAGTAG-1,2
GAGCGCTATGTCAGGC-1,7
GAGCGCTGTTAGGTAA-1,6
GAGCGGAATGCGGTGT-1,5
GAGCTAAGGGCATATC-1,1
GAGCTCTCGGACCTAA-1,2
GAGCTGTCGTCTCGGA-1,3
GAGGAATGGAGAGGTT-1,2
GAGGAGATCCTCATGC-1,7
GAGGAGTAATTCCTAC-1,7
GAGGATAAACAGTGCT-1,3
GAGGCCCGACTCCGCA-1,6
GAGGCCTGTTGATACA-1,3
GAGGCTATCAAAGTCG-1,4
GAGGGAGTCAGATCGC-1,5
GAGGGCATCGCGTATC-1,3
GAGGGCGCAGCTCTGC-1,1
GAGGGTAGTAACAAAG-1,6
GAGGTACATCCATCTT-1,2
GAGGTACGCGTGTCCC-1,1
GAGGTCCCAAAGATCT-1,2
GAGGTCTTAGTGGGTC-1,3
GAGTAAACCGGAAAGT-1,4
GAGTAAGGCCACGGGA-1,5
GAGTACGGGTATACAA-1,3
GAGTAGATACTAGTTG-1,1
GAGTATGCCCGCCTTG-1,6
GAGTATGCGCGTGCAT-1,4
GAGTCAGACCAGAATC-1,5
GAGTCCGCTTACCGGA-1,4
GAGTGTCAACCAGAAA-1,1
GAGTGTGCGGTACCCA-1,1
GAGTTGATGGCAATTT-1,5
GAGTTGTCACCAGTCT-1,6
GATAAATCGGTGGATG-1,3
GATAACTCGCACTGTG-1,1
GATAAGGCAGATGCAA-1,7
GATACGATGGGAGTCA-1,5
GATAGGTAACGTTGAC-1,5
GATAGTGCGAGTAAGT-1,5
GATATCTCATGCAATA-1,2
GATATGAGACACTAAC-1,1
GATATGCGGTAGCCAA-1,1
GATATGGATTACGCGG-1,1
GATATTGAGATTGGCG-1,2
GATATTTCCTACATGG-1,2
GATCAACATAAAGGGA-1,6
GATCATTCCAAACATT-1,1
GATCCCTTTATACTGC-1,1
GATCCGGGAATTAACA-1,1
GATCCTAAATCGGGAC-1,2
GATCCTCGACACTGGC-1,6
GATCCTCTTGCGCTTA-1,3
GATCGACACTATCTGA-1,2
GATCGCGGGCTCTCCA-1,7
GATCGCTACCCGATTT-1,1
GATCGCTATATCTCAG-1,5
GATCGGATAGAACCAT-1,1
GATCGGCGATAAGTCG-1,2
GATCGGTGGCCATAAC-1,1
GATCGTGACTGATATC-1,1
GATCTCGACGCTGTGG-1,4
GATCTGCTATCTAAGG-1,4
GATCTTGGAGGGCATA-1,1
GATCTTTGCAGGGTAT-1,1
GATGACAAGTAGGGCA-1,5
GATGACGATGATCGCG-1,4
GATGAGGAACCTTCGG-1,4
GATGATTTGAAACTGG-1,4
GATGCCACACTACAGC-1,2
GATGCCAGCAGAAGGC-1,7
GATGCCTTCTGCGGCA-1,6
GATGCGTCCTGCATTC-1,4
GATGCTACAAGCGCCT-1,2
GATGCTGTATTTCATC-1,2
GATGGCGCACACATTA-1,2
GATGGTGCCCTAGGCA-1,2
GATGTAACGAACCACC-1,6
GATGTCCGGATCACAT-1,7
GATGTCGGTCAACTGC-1,3
GATGTGTTGTCACAAG-1,3
GATGTTCAATCCACGA-1,5
GATGTTTGTGCGAGAT-1,2
GATTAACCGAAAGCCC-1,2
GATTAATCCTGGCTCA-1,7
GATTACTGAATTTGGG-1,4
GATTCCCTTGTCGCAG-1,4
GATTCCGCGTTTCCGT-1,2
GATTCCTATACGGCGC-1,2
GATTCGACGGTTCACG-1,1
GATTGACACTCTGCTC-1,2
GATTGCTCCAGTTGCA-1,6
GATTGGGAAAGGTTGT-1,1
GCAAACCCTACATTAT-1,1
GCAAACCTTGGCCATA-1,4
GCAAACGTAAGCGACC-1,6
GCAAACGTCGCCAGGT-1,3
GCAAAGGGCGTTAGCC-1,6
GCAAATATTACGCTTT-1,4
GCAACACACTAGAACT-1,4
GCAACAGCAGTATGCG-1,3
GCAACCACCAGACCGG-1,2
GCAACCACGGCCGCGT-1,4
GCAACGGCTAGTTATG-1,3
GCAAGAATTCCTTGGC-1,5
GCAAGATGTGTTCGCG-1,3
GCAAGTGCACAGAGAA-1,1
GCAAGTGTAAAGCATG-1,5
GCACAAACCCTAGATG-1,6
GCACAAACGAGGCGTG-1,3
GCACAACCTCGGGCGT-1,6
GCACAAGTGTCGGAAG-1,2
GCACACACTGGTAGCC-1,1
GCACACGCCCATGGTC-1,4
GCACAGCACGGGCCGA-1,5
GCACGCCTACTTAGAT-1,6
GCACGTGGTTTACTTA-1,3
GCACTAGTCGCGCTAT-1,2
GCACTGCCTACCTTTA-1,4
GCACTGTGCAAATGTA-1,7
GCAGACCCAGCACGTA-1,2
GCAGATCCATAAGACT-1,1
GCAGATCCTCGCAAAT-1,2
GCAGATTAGGGATATC-1,1
GCAGCACACAGCCCAG-1,7
GCAGCCTATATCACAT-1,3
GCAGCGGTGGGCATTA-1,7
GCAGGAACTTAGATCT-1,5
GCAGGACTATAGAATA-1,1
GCAGGTAGAGTATGGT-1,2
GCAGTGTGGCTATAGG-1,1
GCATACGAGGTCTTTA-1,1
GCATAGAGCACTCAGG-1,1
GCATCCCTAACTTTGA-1,1
GCATCGGCCGTGTAGG-1,2
GCATGAGGGACGCGGC-1,1
GCATTCAAGGCAACGC-1,3
GCATTCGAAATGAACA-1,2
GCATTGTAATTCATAT-1,1
GCATTTCCAAGGCTCC-1,3
GCCAACCATTTCCGGA-1,3
GCCAAGAATACTTCTG-1,4
GCCAATAGGGCATCTC-1,3
GCCACAATTTAAGGAC-1,5
GCCACTCAGAGCGCGA-1,3
GCCAGGAAAGAACACT-1,5
GCCAGGAGTAACCGAT-1,1
GCCAGGCGTTCGCATG-1,2
GCCATATTGCACACAG-1,2
GCCATCGAGCTGCGTG-1,5
GCCATCGATGCTGCAT-1,3
GCCATTAGCCTCAAAC-1,5
GCCCACCAAGGCTGTC-1,7
GCCCAGTTGGTATGCC-1,2
GCCCATGGGTGCAATG-1,3
GCCCGACTTCTTCCCG-1,5
GCCCGAGAGTCTAAAT-1,6
GCCCGATCTGTGGTCG-1,4
GCCCGCGCGTAAACGG-1,6
GCCCGCGCGTTTGACA-1,2
GCCCGTAATACCTTCT-1,1
GCCCTAGCCGTCGCGA-1,6
GCCCTGAGGATGGGCT-1,1
GCCGAAATTCCTACGT-1,4
GCCGACCCACGACTGC-1,6
GCCGATTGGCCAAGCT-1,7
GCCGCATTAGTCCGGC-1,1
GCCGCTAGATACGCAG-1,3
GCCGCTTGTGAGAAAC-1,4
GCCGGAAACACATCTT-1,4
GCCGGGTTAGGGTCGC-1,5
GCCGGTTTGGGCGGAT-1,4
GCCGTCGGTTTCGGGC-1,5
GCCGTGGAAGAAATGT-1,3
GCCTAGCGATCTGACC-1,2
GCCTATAGTGTCAGGG-1,1
GCCTATTCCGATATAG-1,2
GCCTATTTGCTACACA-1,3
GCCTCATCTGGAAATA-1,1
GCCTCCGACAATTCAC-1,3
GCCTCTATACATAGCA-1,1
GCCTGCTACACTGAGA-1,4
GCCTTCAGCCCTACCG-1,2
GCCTTGTATATGCAGT-1,7
GCCTTTGTCAGTGGAC-1,6
GCGAAACGATCGGGAG-1,3
GCGAAACTTAACTGGA-1,1
GCGAAGAATCTGACGG-1,1
GCGAAGCCATACCCGT-1,4
GCGACATGTAAACATC-1,3
GCGACCCAACCATCTG-1,5
GCGACGATAGTTGTAC-1,5
GCGAGAAACGGGAGTT-1,7
GCGAGAGGCCATGTAA-1,4
GCGAGAGTTGCGTCCA-1,3
GCGAGCGCATGCTCCC-1,3
GCGAGGCCCGAGCAGA-1,4
GCGAGTTCTGCAAAGA-1,4
GCGATTCTGGAAGCAG-1,2
GCGATTGTTAACGTTA-1,1
GCGCAAATATATTCAA-1,6
GCGCAAGAGCGCGCTG-1,2
GCGCATCCAGTCAGCA-1,1
GCGCCGTTCCACGATA-1,7
GCGCCTCCCACTCCGA-1,3
GCGCGGTCTAGTAACT-1,5
GCGCGTCATTGGTACA-1,1
GCGCTAAGTATGCATG-1,3
GCGCTAATTGAATAGA-1,1
GCGCTATGCCGAGGCA-1,5
GCGCTGATCCAGACTC-1,2
GCGCTGCTTTGCATTT-1,1
GCGCTTAAATAATTGG-1,1
GCGGACCGCGTTGTGG-1,6
GCGGAGAAACTTCGCA-1,5
GCGGAGAGGGAGAACG-1,2
GCGGCAAAGTATTGCC-1,5
GCGGCTCTGACGTACC-1,7
GCGGGAACCAGGCCCT-1,2
GCGGGCGAGCCTTACC-1,5
GCGGTCCCTAGACGCA-1,3
GCGGTGAACTGCGCTC-1,1
GCGGTTCCCTATCATG-1,5
GCGTAAATGGCCATAA-1,1
GCGTCCCTAAGACATA-1,5
GCGTCGAAATGTCGGT-1,2
GCGTCGCCAGGGTGAT-1,2
GCGTCTCTGCATTGGG-1,7
GCGTGGTACTGGGTTA-1,1
GCGTGTATGTCGTATT-1,3
GCGTTATATTTGGAAC-1,2
GCGTTCGGAGACCGGG-1,2
GCTAAACCTGAGGTGA-1,7
GCTAACTGAAGTCTGA-1,1
GCTAAGTAAAGGCGAT-1,2
GCTAAGTAGTTTCTCT-1,1
GCTAATACCGAATGCC-1,2
GCTACAATCGAGGATA-1,3
GCTACAGTACGGACCG-1,4
GCTACGACTTATTGGG-1,1
GCTACTATAGTAGAGT-1,2
GCTAGACCGTCTACTG-1,2
GCTAGAGTAGAGATGT-1,1
GCTAGCAGGGAGTGGG-1,3
GCTAGCGATAGGTCTT-1,6
GCTAGCTTGAATAGCT-1,6
GCTAGGCACCACGGAG-1,1
GCTAGTAGAGCTTGTA-1,4
GCTAGTTTCATTGAGG-1,2
GCTATACGTCTCGGAC-1,1
GCTATCATACTCATGG-1,1
GCTATCGCGGCGCAAC-1,4
GCTCAATCCGTTTATT-1,6
GCTCAATGTAATACCG-1,4
GCTCATTACTGCATGT-1,3
GCTCCCAGTCGGTCCA-1,3
GCTCCGCTCGCTTCAG-1,3
GCTCCGGACGTTGATA-1,4
GCTCCTGACATACTGG-1,5
GCTCGCGGTTCCGCTC-1,2
GCTCGCTCATGTCCAA-1,1
GCTCGGAATTTAAAGC-1,1
GCTCTAAACCCTGACG-1,4
GCTCTATGTTACGTGC-1,1
GCTCTCGGGTACCGAA-1,1
GCTCTTTCCGCTAGTG-1,5
GCTGAATCTTCCAATC-1,6
GCTGAGGCGTGAGTAT-1,7
GCTGCACGGTTTCTTA-1,1
GCTGCTAAGTAGTCGA-1,4
GCTGCTACTGCGTAGC-1,1
GCTGCTCTCCGGACAC-1,4
GCTGGACCCAAAGTGG-1,3
GCTGGCATATTCACCT-1,1
GCTGGCGGCGCATGCT-1,4
GCTGGGTCCGCTGTTA-1,4
GCTGGTTTAGGCCATA-1,6
GCTGTATTACTGGCCC-1,6
GCTGTCTGTGATCGAC-1,3
GCTGTTGCTACCGAAC-1,1
GCTTAATGTAACTAAC-1,1
GCTTACGTAGTTAGTA-1,3
GCTTATGAAGCAGGAA-1,1
GCTTCCATGTAACCGC-1,2
GCTTCCGTCCCTAGAC-1,2
GCTTCGACGTTCAATC-1,6
GCTTGATGATAATCAG-1,1
GCTTGGATCGATTAGG-1,2
GCTTTCAGAGGAGGTG-1,2
GGAAACCTTGTTGAAT-1,2
GGAAACTAAATGGGCC-1,3
GGAAAGTGCCCATGCC-1,2
GGAACCGTGTAAATTG-1,5
GGAACCTTGACTCTGC-1,6
GGAACGGCCTGCAGCC-1,2
GGAACTTTGGCGATTA-1,3
GGAAGCTCGCTTACAG-1,2
GGAATAACCTCAAGAA-1,4
GGAATGCGCTAGCGTG-1,1
GGACACAAGTTTACAC-1,3
GGACCAACAGGATAAC-1,1
GGACCTACGGTAACGT-1,3
GGACCTCTAGGCCGCC-1,6
GGACGGCTTGCGCAAC-1,3
GGACTCGACAGCGCAT-1,5
GGACTCGTGAGTGGTC-1,6
GGAGAAGTCATTGGCA-1,1
GGAGACCATCTACATA-1,5
GGAGACGACACCTTTG-1,1
GGAGCAACATTTCAAG-1,3
GGAGCACCAAGAACTA-1,1
GGAGCGAGGCCTACTT-1,1
GGAGGATTGAAAGGAG-1,3
GGAGGCCGAAGTCGTC-1,3
GGAGGCGAAGAACCGC-1,4
GGAGGGCTTGGTTGGC-1,1
GGAGGGTCAAGTAAGA-1,4
GGAGTGCCGCCCTGGA-1,1
GGAGTTGATTCTGTGT-1,4
GGATACTCATGAATTG-1,3
GGATCAAAGGACGAGG-1,2
GGATCATCCCGTACGC-1,2
GGATCCCTACCAGCTA-1,7
GGATCCGGAATATACT-1,1
GGATCTTACTGCCCTT-1,6
GGATCTTGACTCAACC-1,5
GGATGAAGATCGCTGA-1,2
GGATGACGCGAGTTTA-1,7
GGATGCTGGCGTTCCT-1,4
GGATGTCCTTACCGCA-1,1
GGATTAAGCTAAGGTC-1,2
GGATTCAGTACGGTGG-1,2
GGATTCCGCTATACCC-1,2
GGATTGAAGTAGCCTC-1,7
GGATTGCTGTGACTCC-1,1
GGATTTCACTTCTATA-1,2
GGCAAAGGCGCCAATA-1,6
GGCAAATTACTTTACT-1,5
GGCAAGCCCATAGTGG-1,4
GGCAAGGCGAAATAGC-1,1
GGCAATAGTCAATGAG-1,4
GGCACTCCACTGGGCA-1,4
GGCAGCAAACCTATGC-1,3
GGCAGCGGTAATCCTA-1,2
GGCATACAGGTAGCGG-1,4
GGCATATCGGTTCTGC-1,2
GGCATCAACGAGCACG-1,4
GGCCACAAGCGATGGC-1,7
GGCCCTCACCCACTTA-1,4
GGCCGAGACTCTGGTG-1,6
GGCCGGCGTCTGCTAT-1,1
GGCCGTTTGGGTTTCA-1,5
GGCCTGCTTCTCCCGA-1,3
GGCGAAATCTAACTTG-1,1
GGCGAGCATCGAGGAC-1,7
GGCGAGCGAAACGGCA-1,5
GGCGCAGGACATCTTC-1,1
GGCGCATGAATTGATG-1,5
GGCGCGGAGATCTTTC-1,2
GGCGCGTTCGAGTTTA-1,5
GGCGCTCCTCATCAAT-1,3
GGCGCTTCATTCCCTG-1,1
GGCGGAGTAATATTAG-1,1
GGCGGTAGGATCATTG-1,1
GGCGGTTTGCCGGTGC-1,4
GGCGTACCCTATATAA-1,7
GGCGTAGGGAAAGCTG-1,1
GGCGTCCTATCCGCTG-1,4
GGCTAAAGGGCGGGTC-1,2
GGCTACTATACACTCC-1,5
GGCTATTAAGTTGTAT-1,4
GGCTCCTCCACCTGTT-1,5
GGCTCGCGTTGAGGTA-1,1
GGCTCGTGCCACCAGC-1,2
GGCTCTGCTCCAACGC-1,2
GGCTGAAATAGCAAAG-1,2
GGCTGAGCATCGTAAG-1,3
GGCTGGCTAGCTTAAA-1,4
GGCTTTCAATAAGGGT-1,4
GGGAACCACCTGTTTC-1,4
GGGAACGGGAGGTTAG-1,7
GGGAACGGTTTCAGAT-1,6
GGGAAGACGGTCTGTC-1,1
GGGAAGGGCTTTCTCA-1,2
GGGAATGAGCCCTCAC-1,3
GGGACAGAGTTACTCC-1,6
GGGACCCGTATATCTT-1,5
GGGACTGCATAGATAG-1,4
GGGAGAACTCACAGTA-1,4
GGGAGGATGCCCGAAA-1,4
GGGAGTAATGGCTGGC-1,3
GGGAGTTAATGAGGCG-1,1
GGGATGGACCCGCGTC-1,5
GGGATGGTCGTAACCG-1,5
GGGATTTACCGCACCT-1,1
GGGCAACCGCACGTGC-1,6
GGGCAGAGCAATCGTT-1,7
GGGCAGGATTTCTGTG-1,6
GGGCCATTCGTGCTGG-1,6
GGGCCCGTCTTAAACA-1,5
GGGCCCTACGAAAGGG-1,4
GGGCCGGCCGAAGTAC-1,1
GGGCCTAAATGGGCTA-1,1
GGGCGATATGTGTGAA-1,2
GGGCGGCAAATGAATT-1,5
GGGCGGGTTCCCTACG-1,4
GGGCGGTCCTATTGTC-1,4
GGGCGTACATTTATAT-1,1
GGGCGTCACCACGTAA-1,5
GGGCGTCCACTGGCTC-1,2
GGGCGTGGTTTCCCAG-1,1
GGGCGTTTACATTCAT-1,6
GGGCTATGATCGATGG-1,5
GGGCTCATCGAACCCA-1,1
GGGCTGCCTAGGGCGA-1,4
GGGCTGGTTAGTCGCG-1,4
GGGTAATGCTGTGTTT-1,7
GGGTACACTCTGGAGG-1,7
GGGTACCCACGGTCCT-1,3
GGGTACTTCATGAACT-1,1
GGGTATGTATGCACTT-1,1
GGGTATTCTAGCAAAC-1,6
GGGTCACCGTGACGGT-1,4
GGGTCACGTGCTTATG-1,4
GGGTCAGGAGCTAGAT-1,4
GGGTCATGCGTACCAT-1,2
GGGTCGTGGCAAGTGT-1,2
GGGTCTATCGCTTTCC-1,4
GGGTGACACCTTAACT-1,4
GGGTGCATATGAAAGC-1,3
GGGTGGTCCAGCCTGT-1,3
GGGTGTTTCAGCTATG-1,1
GGGTTAACATTTGAGT-1,5
GGGTTCAGACGAACAA-1,4
GGGTTTAGGATAGGAT-1,3
GGTAAACTCTGCGCTG-1,4
GGTAAATGTGCGTTAC-1,2
GGTAACCGGGAGGATA-1,5
GGTAACTATGTATCTG-1,3
GGTACAAACATGCTAT-1,5
GGTACATCTGGGACGA-1,2
GGTACCATTAAGACGG-1,3
GGTAGAAGACCGCCTG-1,1
GGTAGACCGTTGGGCG-1,5
GGTAGTGCTCGCACCA-1,1
GGTATAGTGACACATA-1,3
GGTATTGCCGAGTTTA-1,4
GGTCAAGACTACTTCG-1,3
GGTCACGTTAGATTCA-1,7
GGTCAGTGGGTCCCAC-1,5
GGTCATTGTAGTCATA-1,5
GGTCCTTCATACGACT-1,7
GGTCGGATAAACGGCG-1,2
GGTCGGCCAGGAGCTT-1,1
GGTCGGTAATTAGACA-1,2
GGTCGGTCGTCCACAG-1,4
GGTCGTAAGCTCGCAC-1,5
GGTCTCCGTCCAGGTT-1,3
GGTCTCTGAATGGACT-1,6
GGTCTGAGAATCTGGA-1,1
GGTCTTGAGCGCTCTT-1,1
GGTGAAACCGGGAATG-1,7
GGTGAACGGGCTAGCC-1,7
GGTGAAGTACAGGGAT-1,6
GGTGAGATGCAGATAA-1,3
GGTGATAAGGAGCAGT-1,1
GGTGATTTCATCTTGT-1,7
GGTGCAGAGCCTATCG-1,3
GGTGCATAAATGATTA-1,5
GGTGCGGATAAGTGGC-1,2
GGTGCTGATCACAAAG-1,1
GGTGCTGGTACACATT-1,5
GGTGGACCACGTGTTA-1,4
GGTGGACTGCTCTGGC-1,1
GGTGTAAATCGATTGT-1,4
GGTGTTCTGTTTCTAC-1,2
GGTTACCACCCTCGGG-1,5
GGTTAGCTATATGTCT-1,1
GGTTAGGCTTGGAGAA-1,4
GGTTAGTTACGGCGCC-1,1
GGTTCCACCCGCTTCT-1,3
GGTTCTACTCGTCTGA-1,3
GGTTGTATCGTGAAAT-1,7
GGTTGTGTAGCCTGGC-1,1
GGTTTAATTACCATCG-1,5
GGTTTACAATCTCAAT-1,2
GGTTTAGCCTTTCTTG-1,3
GGTTTCAATCGGTCAG-1,1
GGTTTGAGTGCTGGAA-1,3
GGTTTGTGACCTGAGG-1,3
GTAACATCTAAGATAA-1,3
GTAACTGCCCAAGGAG-1,3
GTAACTTGCGGCAGTC-1,3
GTAAGCGGGCAGTCAG-1,2
GTAAGGATTTGTCGGA-1,1
GTAAGTAACAGTCTGG-1,1
GTAAGTAGGGTATACC-1,4
GTAATAAAGGGCTCCC-1,1
GTAATCTGATTCTTCG-1,5
GTACACTTACCTGAAG-1,4
GTACAGAGGCAAGGGT-1,1
GTACGACGGCGCTGCG-1,2
GTACGAGATTGCGACA-1,2
GTACGCTTCATTGCAC-1,2
GTACGTCACGTATTAA-1,4
GTACGTTTGCCCGTCA-1,4
GTACTAAGATTTGGAG-1,1
GTACTCCCTTATCGCT-1,1
GTACTCCTGGGTATGC-1,1
GTACTGAGGTCGTAAC-1,3
GTACTGCATGAAGCGT-1,3
GTACTGGAGTTAGACC-1,1
GTACTTGGGCACTTCT-1,2
GTAGAAACGGGTGGAG-1,7
GTAGACAACCGATGAA-1,3
GTAGACACGCCTGACT-1,1
GTAGACGTCGTTACAT-1,3
GTAGAGGGAGACAAGT-1,6
GTAGCCAAACATGGGA-1,1
GTAGCGCTGTTGTAGT-1,3
GTAGCGGCTATACACT-1,1
GTAGCTAGTAAGCGCG-1,3
GTAGCTCCGGGAGGCT-1,6
GTAGCTTCCTCTTGTT-1,2
GTAGGTGATCCGTGTA-1,2
GTAGTCGCGGGAATCA-1,1
GTAGTCTACGATATTG-1,1
GTAGTTCGAAGGCGAA-1,5
GTATAATCTCCCGGAT-1,7
GTATAGGACTCAGTAG-1,2
GTATAGTGGCCCATGT-1,3
GTATATGTTACGGCGG-1,7
GTATCAAACGTTAGCT-1,2
GTATCAGCTTGGGTTC-1,2
GTATCCTTTGGTAACC-1,1
GTATCGGGACGAGCTG-1,7
GTATCTCAGTCTTGAC-1,6
GTATCTCCCTAACTGT-1,4
GTATCTTGTTGCTCAC-1,4
GTATCTTTCATAACCA-1,2
GTATGAAATTTCACTC-1,5
GTATGACGTGGGAAAC-1,7
GTATGTGGGTCTAGTT-1,1
GTATTAAGGCGTCTAA-1,2
GTATTCTGAGAAACGA-1,6
GTATTTAATGGCATAA-1,4
GTCAAAGAAGTGGTGT-1,6
GTCAAAGTTTACATAG-1,3
GTCAACCAGGCCTATA-1,2
GTCAAGCGGACTCGGG-1,1
GTCAATTGTACTGAAG-1,7
GTCACAAAGTTTCCAA-1,3
GTCACCTGTCTATGTC-1,3
GTCACTCTCCAAATCT-1,2
GTCAGAATAGTCTATG-1,1
GTCAGTTGTGCTCGTT-1,2
GTCAGTTTGGTAGTCG-1,2
GTCATCTCCTACAGCT-1,7
GTCATGCACCTCCGTT-1,4
GTCATGCGCGAGGGCT-1,3
GTCATGGACATGACTA-1,2
GTCATTAGAGCGAACG-1,4
GTCATTGCATTGACCC-1,2
GTCCAATATTTAGCCT-1,1
GTCCATTACTGCTACG-1,3
GTCCCAACGTAAAGTA-1,1
GTCCCGCGACGTTATG-1,1
GTCCGGACCTGAAATT-1,1
GTCCGGCTGAATTGCG-1,1
GTCCTACAGGCGGCTC-1,2
GTCCTACGAATAGTCT-1,1
GTCCTAGGATACCTTA-1,6
GTCCTTCTAGTGGGTT-1,2
GTCCTTTAATGACTTC-1,3
GTCGAATTTGGGCGCT-1,6
GTCGCCGTTGTGTGTT-1,6
GTCGCGTAACCCGTTG-1,1
GTCGGATATCTCAGAC-1,1
GTCGGATGTAGCGCGC-1,1
GTCGGGAAGCAGAAAC-1,1
GTCGTACCATCTCGGG-1,4
GTCGTATTGGCGTACA-1,2
GTCGTCAATTATAAGG-1,2
GTCGTGTCTGGTCATC-1,7
GTCGTTATTCGCTTAT-1,1
GTCTACTCAATTACAA-1,2
GTCTAGTGAGCCGCTT-1,1
GTCTATCTGAGTTTCT-1,7
GTCTATTGGTTCCGGT-1,1
GTCTCAAGGCCCGGCT-1,4
GTCTCCTGCCAGTATG-1,6
GTCTCGACTAAGTTTG-1,3
GTCTCGATCTGCTTTC-1,1
GTCTCGCCAACACGCC-1,4
GTCTGGGCGGTCGAGA-1,4
GTCTGTAGGTTGAACA-1,5
GTCTTAGTACAGCCGG-1,2
GTCTTGAGGAGCAGTG-1,3
GTCTTGTAGCTATTCA-1,3
GTGAAACGGCGCCACC-1,1
GTGAAACGTGCTCCAC-1,3
GTGAACTCCCATTCGA-1,1
GTGAAGATTTCAAGTG-1,3
GTGAAGCCGTATAGTC-1,3
GTGAAGTCACGACTCG-1,5
GTGACAGCTTCCCACT-1,1
GTGACCGCACACTACG-1,1
GTGACGAGGGTGACCC-1,3
GTGACGCAGGTTTCAT-1,1
GTGACTTCAGTAGTGC-1,5
GTGAGATAACCTTATA-1,5
GTGAGCGTGCTGCACT-1,1
GTGAGGACACTTAAGG-1,1
GTGAGGAGCGGTTGAG-1,2
GTGAGTGGTACAACGC-1,5
GTGATCAAGCGTGCAC-1,6
GTGATCACTAACGCCT-1,3
GTGATCATAGATCTGC-1,4
GTGATCCTTGTCATGA-1,1
GTGATGCACAACATCT-1,3
GTGATTCGCCGCTCAA-1,5
GTGCAACAAATGTGGC-1,2
GTGCACCAGCTTCAAC-1,4
GTGCACGAAAGTGACT-1,1
GTGCCATCACACGGTG-1,4
GTGCCCGTTCGGATTC-1,1
GTGCCGCTTCAAAGGT-1,5
GTGCCTAGCTATGCTT-1,7
GTGCCTCAGTGTACGG-1,2
GTGCGAAATCGAACAC-1,5
GTGCGACAGGGAGTGT-1,2
GTGCGCAGCTTGCTCC-1,7
GTGCGCTTACAAATGA-1,3
GTGCGGGACCATCGGC-1,7
GTGCGGGTCTCCAAAT-1,2
GTGCGTGTATATGAGC-1,1
GTGCTCAAGTACTGTC-1,4
GTGCTTACATCAGCGC-1,3
GTGGAACCTACATGCG-1,1
GTGGACCAACCCGATT-1,4
GTGGACGCATTTGTCC-1,4
GTGGACGTGCTGAGAC-1,3
GTGGAGCGTTTACCGA-1,6
GTGGAGTCGGCGGTTG-1,6
GTGGCAAACAGCGGCA-1,6
GTGGCCGGTTTCTCGG-1,6
GTGGCGGGCCGTAGCT-1,3
GTGGCGGTCCCAGCGT-1,1
GTGGCGTGCACCAGAG-1,4
GTGGGAAGACTGAATC-1,4
GTGGGCTTAGACACAC-1,4
GTGGTATAGTCTGCCG-1,6
GTGGTCAGCGAAGTAT-1,3
GTGGTGGCCAAGTGAA-1,4
GTGGTTACTTCTTTCG-1,3
GTGGTTTCCGCCTTTC-1,4
GTGTACCTTGGCTACG-1,2
GTGTATATCAGCGGGC-1,1
GTGTATGACTTTAAAG-1,7
GTGTCAGTGTACGTGG-1,5
GTGTCCGATAAGGCAT-1,3
GTGTCGTATAGCGTTC-1,1
GTGTGAATAACTTAGG-1,1
GTGTGAGCCGAGGTGC-1,4
GTGTTACTATGCGTCC-1,1
GTTAAAGTAGGACTGG-1,1
GTTAACATCACTTAAA-1,1
GTTAACTATGTTGTCA-1,3
GTTAAGGGTGCGATGT-1,2
GTTAAGTTAGAGTGGG-1,3
GTTAATGTCTATCTTA-1,7
GTTACAATTGGTGACG-1,1
GTTACCTACAACTTGC-1,4
GTTACGAAATCCACGC-1,7
GTTACTTTGGGCCTAG-1,5
GTTAGAGTGTGCCGCT-1,2
GTTAGCCCATGACATC-1,4
GTTAGCCGTAAATCAA-1,3
GTTAGGCTACCCGTTT-1,5
GTTATAATACGGTGAA-1,3
GTTATATTATCTCCCT-1,5
GTTATCACCTTCTGAA-1,3
GTTATTAAATACGACC-1,3
GTTATTAACGTGGGAG-1,7
GTTCAATCTATGTCAA-1,3
GTTCACAGGAGTCTAG-1,2
GTTCAGTCGCCAAATG-1,5
GTTCATCGTTTGGCTG-1,3
GTTCCAAGACAGCGAC-1,4
GTTCCAGTCTGACCAT-1,2
GTTCCGTCCGCCTGCA-1,5
GTTCGCCATAAGTGCC-1,5
GTTCGCTGAGACGTCT-1,3
GTTCGGATCGGGAACA-1,3
GTTCGGGCGTACCATT-1,3
GTTCGTCTAAAGAACT-1,1
GTTCGTTGCGGACCAG-1,4
GTTCTTCCCTCGATGT-1,2
GTTGAACCGGTTCCAT-1,5
GTTGAGTCCCGCCGGT-1,1
GTTGCACGGAGTTTCG-1,1
GTTGCGGACGGTCAGG-1,4
GTTGGATTCAGTGGCT-1,2
GTTGGATTGAGAACAC-1,1
GTTGGATTTGCGTTGG-1,4
GTTGGTCATGCTATCC-1,4
GTTGTCGTGTTAGTTG-1,2
GTTTACGTTCCATCTG-1,1
GTTTCAAACGAGTTGT-1,3
GTTTCATATCGTCGCT-1,1
GTTTCCTGGAGGGTGA-1,2
GTTTCTGCAGTCTCCC-1,2
GTTTGACCAAATCCTA-1,2
GTTTGAGCGGTTATGT-1,2
GTTTGGCCCAAGTTAT-1,2
GTTTGGCCGCTCAGCG-1,3
GTTTGGGCTTGTGAGC-1,4
GTTTGGGTTTCGCCCG-1,1
GTTTGGTAGGGTCAAC-1,7
GTTTGGTGATCGGTGC-1,5
TAAACCCAGGAGGGCA-1,5
TAAAGAGCCCGAAACC-1,3
TAAAGCGGTATTTCCA-1,5
TAAAGCGTTAGGAGAA-1,1
TAAAGCTGCAATAGGG-1,1
TAAAGGAGAAACTAGT-1,4
TAAATGAATCCGTTTC-1,2
TAAATGCCGTCTCATG-1,3
TAAATTTAGTAACACC-1,5
TAACAAAGGGAGAAGC-1,1
TAACAATATTTGTTGC-1,4
TAACAGCGTTTGTGCT-1,5
TAACATACAATGTGGG-1,1
TAACATACACGCGATC-1,6
TAACCGCCCGCAGTGC-1,2
TAACCTACCGTCCGAG-1,2
TAACCTAGGGAGTCCA-1,3
TAACGCTTTGAGAGCG-1,2
TAACTATCGAAGGTCC-1,2
TAACTATTACGCCAAA-1,3
TAACTCATCCGCGCGG-1,5
TAACTCCATGGAGGCT-1,3
TAAGAGGGACAGGGAC-1,6
TAAGATTTAGCGGGAG-1,7
TAAGCAGGCGACACGC-1,1
TAAGCGCGAATCAAAT-1,6
TAAGGAACTTGTGGGA-1,1
TAAGGCAACATAAGAT-1,1
TAAGGCATAACATCAA-1,5
TAAGGCCCGTCACCCT-1,4
TAAGGCTGAATCCCTC-1,1
TAAGGGCCTGTCCGAT-1,1
TAAGGGCTGGGAGAGG-1,4
TAAGTAAATGTGCCGC-1,3
TAAGTAACATCTTGAC-1,6
TAAGTCGCCGAGTATC-1,6
TAAGTTGCGACGTAGG-1,2
TAATAAACAAGGAGAT-1,2
TAATACACAGTAGTAT-1,2
TAATAGAACAGAGTTA-1,6
TAATAGGTCACCAGAA-1,6
TAATAGTGACGACCAG-1,1
TAATATTGAAATTCGC-1,2
TAATCGATCCGTACGT-1,2
TAATGAAAGACCCTTG-1,2
TAATTACGTCAGTAGA-1,3
TAATTAGATGGATATG-1,7
TAATTAGGACATCCGT-1,3
TAATTGGAATCGGGAA-1,3
TACAAATTGCGGAGGT-1,3
TACAACGCACAACTCA-1,4
TACAAGCTGTTCACTG-1,7
TACAAGTCTCGTGCAT-1,1
TACAGAAACGGTGGGC-1,1
TACATAGGCATACACC-1,4
TACATCCCTATCCCTG-1,4
TACATTTCTAACGTGC-1,4
TACCAAATAGCCCAGA-1,1
TACCAATAAAGTACCA-1,1
TACCAGAAGTAGGTTC-1,5
TACCAGCTAGGTTTAA-1,2
TACCAGGAATCCCGTC-1,6
TACCGCGGACTTGCAG-1,2
TACCGGCTCACTGCCC-1,4
TACCGGTCGTTTCCAT-1,5
TACCGTAGGTTAACTA-1,4
TACCGTGCCTCGGACC-1,1
TACCTACTCCCAGTAT-1,4
TACCTCACGCTTGTAC-1,2
TACCTCAGTTGTCTGT-1,5
TACCTCCACACCAATG-1,6
TACCTGCTGCACTGTG-1,2
TACCTTAAGATTTCCC-1,5
TACGAACACGACTTCA-1,1
TACGACGCTTGCTGCG-1,5
TACGACTGCCTCTTAG-1,7
TACGAGAACTTCACGT-1,1
TACGATGTTGATCATC-1,1
TACGCAGTTCTTTCCT-1,4
TACGCCATATTCTAAT-1,7
TACGCCGAGGGTACCC-1,5
TACGCCTCCATTCCGA-1,4
TACGCTATAGAAACCT-1,3
TACGCTCGGTATTGGA-1,4
TACGCTGCTGTGTTAA-1,6
TACGGGATGCTAGCAG-1,2
TACGTAAAGCGGAGTG-1,3
TACGTACTAGTGCTGA-1,6
TACGTGCACTATGCTG-1,2
TACGTTTACCGGCAAT-1,4
TACTATGGTTCCTCAG-1,6
TACTCCTCTAGTTGAC-1,5
TACTCGGCACGCCGGG-1,1
TACTCTCCGAACAAAT-1,1
TACTCTTACTTTACTG-1,3
TACTCTTTCGTCTTCA-1,5
TACTGAACAGATTTAG-1,5
TACTGAGGGAAGAAAG-1,6
TACTGCAATCAATTAC-1,3
TACTGGACAGCTCGGC-1,4
TACTGTTTCTCTGGTA-1,3
TACTTGTTAGTAGTCC-1,2
TACTTTACTGAGCCGG-1,1
TACTTTCCGCACGCCA-1,3
TAGAAACCACTAAGTA-1,3
TAGAAAGGTGGCGCTA-1,1
TAGAAATTCACGTATA-1,4
TAGAATAGCCGATGAA-1,3
TAGAATTAAGGGCAAC-1,1
TAGACGAAACGCCAAT-1,1
TAGACGCCCGTACCGG-1,1
TAGACTACCTAGCGTT-1,3
TAGAGATCATGCAACT-1,5
TAGAGCTACGAAGAAC-1,3
TAGAGGTTCTACTTGT-1,2
TAGAGTCTAAGCGAAC-1,1
TAGATATGGACTGGAA-1,5
TAGATCCGAAGTCGCA-1,1
TAGATGGTTCCTTACT-1,3
TAGATTCAAAGTGCGG-1,5
TAGATTCCTGGTTATT-1,2
TAGCAACCTGTCACAA-1,2
TAGCAGTATGACTAAA-1,3
TAGCCAGAGGGTCCGG-1,7
TAGCCATTTCAAAGTC-1,1
TAGCCGGCGGTCAGCG-1,1
TAGCGTCCCTCGATTG-1,3
TAGCGTCCGGTGTGGT-1,1
TAGCGTTGGGTCTTAC-1,4
TAGCTAAGTCCGGGAG-1,1
TAGCTAGAAGGCATGA-1,5
TAGCTAGTGATGATGG-1,5
TAGCTCGCCTGATAAC-1,5
TAGCTGATGTGAAGCG-1,2
TAGGAACAGCCTCCAG-1,3
TAGGCATGTTACGCCA-1,1
TAGGCCTATATAGTCT-1,4
TAGGCGATGAGGTCTC-1,5
TAGGCGGCTGCAAAGA-1,6
TAGGCTAAAGTGGCAC-1,4
TAGGGAGCTTGGGATG-1,2
TAGGGTGTTTCAAGAG-1,1
TAGGTCCAAGTAAGGA-1,1
TAGGTCGCCGGAACTG-1,2
TAGGTGACGATAACCT-1,1
TAGGTGAGCCCTACTC-1,1
TAGGTGCTCGCCTAGC-1,1
TAGGTGTTCCACAGAT-1,7
TAGGTTCGAGTTCGTC-1,4
TAGTACCACAACTTTC-1,6
TAGTACCTTAGTGGTC-1,7
TAGTAGCTTATACCAG-1,6
TAGTCCCGGAGACCAC-1,1
TAGTCCGCAGAGAATG-1,1
TAGTCCGTATGCATAA-1,7
TAGTCGATCACGGGTT-1,1
TAGTCTAACAACGAGA-1,4
TAGTCTGCGGCACATT-1,5
TAGTCTGTGACGTTGC-1,2
TAGTCTTTCCGAATTG-1,4
TAGTGCCCTCCAGAGT-1,1
TAGTGGAACTCATACA-1,3
TAGTGTCAGAAACGGC-1,7
TAGTTAAGATAGGATA-1,1
TAGTTTATTCTTGCTT-1,2
TATAAATCCACAAGCT-1,2
TATAAGTGAGGATAGC-1,2
TATACACAGACGCCTT-1,7
TATACACGCAAAGTAT-1,2
TATACCGAGTGCCACA-1,4
TATACGCGTCATCACT-1,1
TATACTCATGCGGCAA-1,3
TATAGAGTCGCTTGAA-1,5
TATAGATGGTCGCAGT-1,2
TATAGGGTACTCATGA-1,1
TATATAGGGCTTTACG-1,6
TATATATCGAGAAATG-1,6
TATATCAAAGTGATCT-1,5
TATATCCCTGGGAGGA-1,1
TATATTACAAATGTCG-1,3
TATATTCGCGTCGATA-1,2
TATCACAGCACGGGCA-1,3
TATCACCATGTAAAGT-1,3
TATCACCCAACCGACC-1,2
TATCACTTCGAGTAAC-1,2
TATCAGTGGCGTAGTC-1,5
TATCCAATTGGTTATC-1,1
TATCCATATCATGCGA-1,2
TATCCATCTCGGTTAG-1,5
TATCCGCACCGTCGGG-1,4
TATCCTATCAACTGGT-1,5
TATCCTGCATGGGAAT-1,2
TATCGATCTATGCATA-1,1
TATCGATGATTAAACG-1,1
TATCTACAGAGGTAAT-1,1
TATCTACCACAGCGGG-1,7
TATCTAGCCTAAAGGA-1,1
TATCTGAGCCGATATT-1,6
TATCTTGCAATACAAC-1,6
TATGAAGACAGGTGCG-1,4
TATGATAAATCTAACG-1,3
TATGATCCGGCACGCC-1,3
TATGATCTTCTCTTTA-1,1
TATGATTCTGCTTGGT-1,7
TATGCTCCCTACTTAC-1,2
TATGGAGTTTCTCGTT-1,7
TATGGATGTGCTACGC-1,1
TATGGCCCGGCCTCGC-1,1
TATGGGACCGAGCAGG-1,1
TATGGGTACGTATCGT-1,1
TATGGTCTGAGTAACA-1,4
TATGGTTAGTGGGAGA-1,2
TATGTAAAGTGCTTAA-1,1
TATGTAGAAACCCGGC-1,6
TATGTCAAGACCGACT-1,2
TATGTCTCATTGTGCC-1,1
TATTAACACCAAAGCA-1,5
TATTAACCTGACCGCG-1,6
TATTACCATCCTGCTT-1,1
TATTATGTTTGCCTGC-1,5
TATTCAATTCTAATCC-1,1
TATTCCACTCAGCTCG-1,4
TATTCCGAGCTGTTAT-1,1
TATTCCGGCAGTCCTA-1,3
TATTCCTCCGCCCACT-1,6
TATTCGTGCCAGAATA-1,1
TATTGCCGGGCTTGTA-1,4
TATTTAGTCTAGATCG-1,1
TATTTATACCGAGTAG-1,1
TATTTGATTTGCACAG-1,4
TATTTGTTACCCTTTA-1,1
TCAAACAACCGCGTCG-1,4
TCAAACTTAGATTGTT-1,2
TCAAATTTGAGACTCA-1,1
TCAACAAAGATAATTC-1,6
TCAACACATTGGGTAA-1,3
TCAACATAGCGCCCTA-1,5
TCAACATCGACCGAGA-1,2
TCAACCATGTTCGGGC-1,1
TCAACGAGGAGACAAA-1,4
TCAACGCAGGAAATAA-1,6
TCAACGCGACCGGCAG-1,4
TCAACTAACGTATAAC-1,2
TCAACTGCAGAGTCAG-1,3
TCAAGAAATACTAGCT-1,3
TCAAGCGCGGACGGTA-1,4
TCAAGGTTACTACACC-1,2
TCAATACGCCGTCATG-1,4
TCAATCCGGGAAGTTT-1,4
TCACAAACCGAGGTAC-1,1
TCACAGATCCTCAAAC-1,7
TCACAGCAAACTCGAA-1,5
TCACAGGAGAATAAGA-1,5
TCACAGGGAATCGCAA-1,2
TCACAGGTTATTGGGC-1,4
TCACATCTTATCTGAT-1,1
TCACCCTCTTAAGATT-1,7
TCACCGCTCGGCACTC-1,2
TCACGATGTCCGTGGA-1,6
TCACGCATTGTAGATC-1,4
TCACGGCCCAAGAGAG-1,6
TCACGGTCATCGCACA-1,1
TCACGTGCCCGATTCA-1,7
TCACTACGACCAATGC-1,2
TCACTATCGTGCAATC-1,7
TCACTCAGCGCATTAG-1,4
TCACTCGTGCAACGGC-1,2
TCAGAACCTCCACAGG-1,3
TCAGACGCTATAGAAG-1,1
TCAGCAAATGCATCTC-1,2
TCAGCAGTAGGCCCTG-1,5
TCAGCCAATCCGTAAA-1,3
TCAGGGCGCAAACTCG-1,2
TCAGGGTGCACGAAAC-1,2
TCAGGGTGTAACGTAA-1,2
TCAGGTTCTTTGAGAA-1,2
TCAGTACTGACCCGCG-1,2
TCAGTAGGGACTATAA-1,5
TCAGTGTATACGTCAT-1,6
TCAGTTACGGAATGAT-1,3
TCATACTTACAGATCC-1,2
TCATATGAGCTTTGTT-1,1
TCATCACTCGAGCTCG-1,7
TCATCCCAGAGGGTGG-1,1
TCATCGATGGTCCCAA-1,6
TCATGCAGGTTCTCAT-1,2
TCATTTAAGTCTCCGA-1,2
TCATTTAGAAGTGTGA-1,3
TCCAACTCAGCTATCT-1,3
TCCAACTTTAAATTCT-1,7
TCCAAGCCTAGACACA-1,4
TCCAATAAAGGCTACC-1,5
TCCACAATGGTTTACG-1,1
TCCACATCGTATATTG-1,4
TCCACCAAGACATAGG-1,4
TCCACCTCTAGCCTTT-1,1
TCCACTTTATCTAGGT-1,1
TCCAGAGCACCGGTTC-1,5
TCCAGCGCTATAAGCG-1,4
TCCAGGCGAGTACGGT-1,1
TCCAGGGTATATACGA-1,1
TCCATCAATACTAATC-1,6
TCCATTAGTTGGATAG-1,7
TCCATTGTGACCTCGT-1,2
TCCCAAACAGACAACG-1,3
TCCCAAAGACGAAGGA-1,1
TCCCAAAGCCCTAAAT-1,3
TCCCACGGAGGGAGCT-1,3
TCCCACTCTCTTCCGG-1,3
TCCCAGCTTTAGTCTG-1,2
TCCCAGGCTTAGCTAA-1,1
TCCCGCGTACTCCTGG-1,1
TCCCGGGTGTGCTGCT-1,1
TCCCGGTCAGGAATTT-1,7
TCCCGTCAGTCCCGCA-1,2
TCCCGTGTGCAATTTG-1,1
TCCCTAGATCAATAGG-1,3
TCCCTGGCGTATTAAC-1,6
TCCCTGGCTCGCTGGA-1,1
TCCCTTAGATTACTCG-1,2
TCCCTTGTCTGAAACT-1,4
TCCGAACTTGGCTTAC-1,4
TCCGAAGTAGTCACCA-1,4
TCCGAATGGTCCTGAG-1,3
TCCGACCGCTAATCAA-1,5
TCCGAGAAGGCTAAGC-1,7
TCCGATAATTGCCATA-1,2
TCCGATGACTGAGCTC-1,2
TCCGATGGTGCGACAT-1,1
TCCGATTACATTGCCG-1,2
TCCGCCTGTCTACAAG-1,2
TCCGCGGCAGCATCTG-1,2
TCCGCGGCCCAATGAA-1,3
TCCGCTGTCATCCCGG-1,1
TCCGCTTATCCCATTA-1,4
TCCGGAGGAAGGGCTG-1,3
TCCGGCCTAGCGTACA-1,1
TCCGGCCTGCATCGAT-1,3
TCCGGGCTTGACGGGA-1,4
TCCGGTTCGTCCGGTC-1,5
TCCGTAACCACAATCC-1,3
TCCGTTAAGCTAATAT-1,1
TCCGTTTAGCCTTGAA-1,1
TCCTAAATTGGGAAGC-1,1
TCCTAACCGTCGGGCA-1,5
TCCTACATCCACGGCC-1,1
TCCTAGCAAAGAAGCT-1,5
TCCTCCTAAGACATTC-1,4
TCCTCGGGCTGGGCTT-1,1
TCCTCTACGAGATGGC-1,2
TCCTCTCCAGTTGTCC-1,4
TCCTCTGGCCCATTAG-1,2
TCCTGCCAACTGGAGA-1,2
TCCTGCGTTGATACTC-1,4
TCCTGGCGCTGCCTGG-1,3
TCCTTACGACGGTCCG-1,1
TCCTTCAGTGGTCGAA-1,2
TCCTTGTCCTTTAATT-1,4
TCCTTTAAATCCGCTT-1,1
TCCTTTCTTACGCTTA-1,2
TCGAAATTTAGGACCA-1,4
TCGAAGAACCGAGCAC-1,1
TCGAATATCCCGCAGG-1,6
TCGACAACTGAACCCG-1,6
TCGAGACCAACACCGT-1,4
TCGAGCCAGGCAGGCC-1,5
TCGATAGGCTAGTCGC-1,3
TCGCAAAGATGCATTT-1,1
TCGCACCAGGAGGCAG-1,1
TCGCATAAAGGGCGCA-1,4
TCGCATCCCTAAGTGT-1,2
TCGCATTCAATGACTT-1,7
TCGCCCAACTGACTCC-1,7
TCGCCGAAGTTGCGTC-1,5
TCGCCGACATATTCGC-1,1
TCGCCGGTCGATCCGT-1,2
TCGCCTCGACCTGTTG-1,7
TCGCGTAGCAGTGTCC-1,7
TCGCGTCCAGAAGGTC-1,1
TCGCTAAACCGCTATC-1,2
TCGCTACTGGCTTTGA-1,1
TCGCTCGATATATTCC-1,1
TCGCTCGGCACCAGCG-1,3
TCGCTGGGCGGATTGT-1,2
TCGCTGTGCGTAAATC-1,2
TCGCTTTAAACGTTTG-1,1
TCGGAATGACCATCAA-1,3
TCGGAATGCGCTCTGA-1,2
TCGGACGCCCAGCCCA-1,1
TCGGAGAGTATCGGGA-1,5
TCGGAGTACATGAGTA-1,4
TCGGATCTGGATGACC-1,6
TCGGCGAACCCAAACC-1,1
TCGGCGTACTGCACAA-1,5
TCGGCTAACTTCCCTT-1,3
TCGGCTTGTATCGACG-1,3
TCGGGAACGTGCCTAG-1,3
TCGGGAGACAGCGTAC-1,1
TCGGGATTCAAACATA-1,1
TCGGGCACTTCTGGAT-1,7
TCGGGCCGTCGTGGTA-1,2
TCGGGTGAAACTGCTA-1,3
TCGGTCCCGACAATAG-1,5
TCGGTCCCTGACTCCA-1,2
TCGGTGACCGCTCCGG-1,2
TCGGTTAGCCATGTAG-1,3
TCGTAAGACGACATTG-1,2
TCGTAAGCTCCGAGGA-1,3
TCGTATAGTGCAATTA-1,2
TCGTATTACCCATTGC-1,1
TCGTATTTCGTCCGGA-1,3
TCGTCAAGTACGCGCA-1,5
TCGTCACACTGTTAGC-1,2
TCGTCCGCTGGCGTCT-1,2
TCGTCTTAGGCGTTAA-1,1
TCGTGTACTATGGATG-1,7
TCGTGTATTGGTCACG-1,7
TCGTGTCACGCTGACA-1,7
TCGTGTTCGACCACAA-1,4
TCGTTAGGAGTCCCTA-1,4
TCGTTCGTTATTATGT-1,2
TCGTTGCTATCCGGTC-1,5
TCGTTGGCTCGTCAAT-1,7
TCTAAAGAACAGTCTC-1,5
TCTAACTGTATGTAAA-1,1
TCTAATACTGCCTCAG-1,6
TCTACACGTTCATGCA-1,3
TCTACCCAATAGAGAG-1,3
TCTACCGTCCACAAGC-1,1
TCTAGCAATCTCCGCC-1,5
TCTAGCATCTTCGATG-1,2
TCTAGCATGCCCAGAA-1,4
TCTAGGTGGCGACGCT-1,1
TCTAGTGATATCGTGG-1,1
TCTAGTTATCAGAAGA-1,4
TCTATAGGTGGGTAAT-1,4
TCTATCATGCAGTTAC-1,2
TCTATCGGTCGCAACA-1,1
TCTATGCTATAACGAC-1,3
TCTATTACGCTGGCGA-1,3
TCTATTACTAGAGGAT-1,2
TCTCATGAGATAGGGT-1,1
TCTCCAACGTAGGTTA-1,1
TCTCCACAAGTTGAAT-1,1
TCTCCCTGGGCAGCGT-1,1
TCTCGAACGAGGTCAC-1,1
TCTCGACGTATCGCCG-1,3
TCTCGAGGAGGTTCGC-1,3
TCTCGGCTCCAGGACT-1,7
TCTCTAATAGCTGGTA-1,2
TCTCTCGCCGCACATA-1,4
TCTCTTACCGCGAACC-1,5
TCTGAACCGGTCGGCT-1,2
TCTGAACTCGTACCCG-1,2
TCTGAAGCACGTGGTC-1,1
TCTGAATTCCGTACAA-1,1
TCTGACTGTAATGGTT-1,7
TCTGAGCAATTGACTG-1,3
TCTGATGTATTCTGTC-1,1
TCTGCATACCTTGCTT-1,3
TCTGCCAGAAACTGCA-1,1
TCTGCGTCCGGTTTCT-1,3
TCTGGGAACCTTTGAA-1,2
TCTGGGTAGCGCTCAT-1,7
TCTGTCATACAAGAGC-1,3
TCTGTGACTGACCGTT-1,7
TCTGTGCCATCATAGT-1,1
TCTGTGGCTACATTTC-1,7
TCTGTTACCCAGCATA-1,6
TCTTACAGAGGTACCG-1,1
TCTTACCGGAACTCGT-1,2
TCTTACGGCATCCGAC-1,2
TCTTACTTATGCCTCT-1,2
TCTTAGAGCTCCAATT-1,3
TCTTAGAGTGAACTCT-1,2
TCTTATGGGTAGTACC-1,4
TCTTCCCATGGGCACA-1,2
TCTTCGAATAGACGTT-1,1
TCTTCGATACCAATAA-1,1
TCTTCTATAACCCGCC-1,3
TCTTGATGCGTAGCGA-1,1
TCTTGCTCCCGATACT-1,4
TCTTGGTAACACCAAA-1,1
TCTTTAAGACTATGAA-1,2
TCTTTAGAGTCTAACA-1,3
TCTTTCTCTTAAGGAG-1,2
TGAAACCTCAACTCAC-1,4
TGAAACTTATGCAAGC-1,1
TGAAAGGACCTGACTC-1,1
TGAACAAGCAGGGACT-1,5
TGAATACCGACGCGTA-1,2
TGAATGAGTGTTTCCC-1,5
TGAATGTCAGCCGGCC-1,3
TGACACTTCTCTTTGC-1,3
TGACAGGACAAGTCCA-1,5
TGACATCGAGCGGACC-1,2
TGACATGTAACGTGAC-1,4
TGACCAAATCTTAAAC-1,1
TGACCAGCTTCAAAGT-1,3
TGACCCAACTCACATT-1,4
TGACCCACGTTAGACA-1,4
TGACGAATATTTCCCT-1,1
TGACGATGCACTAGAA-1,2
TGACTATAATCCTTTC-1,1
TGACTCCGAATCATAC-1,6
TGAGAATGCTTTACCG-1,2
TGAGAGATTTACCACG-1,2
TGAGATCAAATACTCA-1,3
TGAGATTAGGCCCTAA-1,2
TGAGCAGTCGTGAAGT-1,7
TGAGCCATACAGTCTC-1,4
TGAGCGGAAAGTGTTC-1,1
TGAGCTTTAATGACGC-1,2
TGAGGAGTGCCAGCTT-1,1
TGAGGCATGTACTGTG-1,6
TGAGGTTGATCCCAAG-1,2
TGAGTAAATTAGCGTA-1,5
TGAGTGCCTCTTAAAT-1,6
TGAGTGGTCCGTGACG-1,2
TGAGTGTAACAACGGG-1,4
TGAGTTAAAGACATTC-1,3
TGATACATTTAGCCGT-1,6
TGATAGCGGGATTCTA-1,2
TGATCAGGGAACTGCT-1,1
TGATCCCAGCATTAGT-1,3
TGATCGGTTTGACCCT-1,1
TGATCTACGCTGATCT-1,2
TGATCTCCGGCGCCAG-1,2
TGATGGCTGTTTCTGA-1,3
TGATGGGACTAAGTCA-1,7
TGATGTCAATTAAGTG-1,3
TGATTATGGCACGCAG-1,7
TGATTCAGGTCCCGCG-1,4
TGATTCCCGGTTACCT-1,5
TGATTCGTCTATCACT-1,1
TGATTCTGTCGCCGGT-1,5
TGATTTATTAGCTGTG-1,4
TGATTTCCTCCTGACG-1,2
TGCAACCCATCTGCGG-1,1
TGCAAGAATGACGTAA-1,1
TGCAATCTAACACGGT-1,1
TGCAATTTGGGCACGG-1,3
TGCACAGTGAAGTTAT-1,3
TGCACGAGTCGGCAGC-1,2
TGCACTATGTGAGTGC-1,7
TGCAGAACTATATCGT-1,4
TGCAGAGTACCGAGCA-1,5
TGCAGATCGTCCTAGG-1,1
TGCAGCTACGTACTTC-1,1
TGCAGGATCGGCAAAG-1,2
TGCAGTGGTAGGGAAC-1,6
TGCAGTTTCCTCCCAT-1,1
TGCATATGTCTGTCAC-1,1
TGCATGGATCGGATCT-1,1
TGCATGTGACCCATAG-1,5
TGCATGTGGTAATCTA-1,1
TGCCAAAGTCAGACTT-1,1
TGCCAATGGGTACTCT-1,5
TGCCACCTGGCGAAAC-1,1
TGCCAGTACGTGGAGA-1,1
TGCCATGGCTTATAAG-1,3
TGCCATTACTAAAGAA-1,1
TGCCCGTACCGTTAAA-1,1
TGCCGGATGTACGAGC-1,5
TGCCGTGGATCGTCCT-1,1
TGCCTAATTGAAGATT-1,3
TGCCTGACATCGGTCA-1,2
TGCCTGATCAAACGAT-1,2
TGCCTTGGCCAGGCAA-1,1
TGCGAATATGGGATTT-1,1
TGCGACACCCTAGTGC-1,6
TGCGACGGCCGAACGT-1,6
TGCGAGAATATTACCC-1,6
TGCGAGCCCTTCCGCG-1,2
TGCGCAAAGCATTTGG-1,1
TGCGCGATTAACGGAG-1,2
TGCGGACTTGACTCCG-1,4
TGCGGAGTAAAGGTGC-1,2
TGCGGCATAGTTCAAC-1,3
TGCGGGTATTGGGATC-1,3
TGCGGTCTACGAGTAA-1,4
TGCGGTGAAATTTCAT-1,2
TGCGTAAGAACCTGAT-1,5
TGCGTCATGACTGAGC-1,6
TGCGTGATTGGGTGTC-1,7
TGCGTTTGTTGACACT-1,1
TGCTAAGTGTCTATTT-1,1
TGCTATACAAACGGAC-1,3
TGCTCCACAGTTCTTA-1,2
TGCTCGGCGAAACCCA-1,4
TGCTCGGTGGGTCACC-1,1
TGCTCTTGAGAGTTTG-1,1
TGCTGGTTGGACAATT-1,2
TGCTGTTGAAGAACTC-1,4
TGCTTAGAGAGAATGC-1,6
TGCTTCCCAAGCAGTA-1,1
TGGAAACGGAGTGAAC-1,7
TGGAACCACTGACACA-1,2
TGGAAGAAGGGAACGT-1,7
TGGAAGACGAACACCA-1,2
TGGAAGGATAAAGATG-1,2
TGGAATATCCTTGACC-1,2
TGGAATTAGACGCTTT-1,7
TGGACCAATCTAAGAT-1,1
TGGACGCAATCCAGCC-1,6
TGGACTGTTCGCTCAA-1,1
TGGAGAATAATCGTCC-1,5
TGGAGCTAAAGTTCCC-1,3
TGGAGTGATGCGATGA-1,4
TGGCAAACTAAATTAC-1,1
TGGCAACTCGCGCGCC-1,2
TGGCAAGCACAAGTCG-1,4
TGGCAATGGGACGGCG-1,3
TGGCACGAGCTCGAGT-1,3
TGGCAGATTACGATCA-1,1
TGGCAGCAGTAATAGT-1,7
TGGCATGAAGTTTGGG-1,5
TGGCCAAACTGAAGTA-1,2
TGGCCAATTTGGTACT-1,5
TGGCCGTATATTGACC-1,2
TGGCGACTGCTCCAAA-1,6
TGGCGATCAAGTTATG-1,5
TGGCGGTGTGCGATTG-1,7
TGGCTACACTCTACCT-1,3
TGGCTATGTGACATAC-1,1
TGGCTCTTGTCGCGTA-1,1
TGGCTTTGGGTAGACA-1,1
TGGGAAATGCCTTTCC-1,2
TGGGATGCACTCATTC-1,3
TGGGCAATAGTTGGGT-1,3
TGGGCACAAACAGAAC-1,3
TGGGCACGTTCTATGG-1,2
TGGGCAGGCCACCGCA-1,4
TGGGCCACAAGAGCGC-1,2
TGGGCCCATACTAATT-1,2
TGGGCCTTGCCTGCAT-1,4
TGGGCGATACAATAAG-1,5
TGGGTAAGGTTCCCGC-1,1
TGGTAAGCAGGATTGA-1,7
TGGTAGAATATATGGG-1,1
TGGTATCGCATCCCAA-1,1
TGGTATCGGTCTGTAT-1,2
TGGTCCCACGCTACGG-1,1
TGGTCTGTTGGGCGTA-1,1
TGGTGATCGTATTTGT-1,7
TGGTTAACTTACATTT-1,6
TGGTTCAACGGGTAAT-1,1
TGGTTCGTAGCAAAGG-1,1
TGGTTGGAGGATCCTG-1,2
TGGTTTAAACGTGGGT-1,3
TGTAACTTGTCAACCT-1,4
TGTAATGACCACAATA-1,1
TGTACCCGACCCTAAT-1,6
TGTACCTACACGAGGG-1,1
TGTACGAACAAATCCG-1,4
TGTACGCTATCAGCTT-1,3
TGTACTGTGCCAAAGT-1,7
TGTAGCCATCCCATTC-1,4
TGTAGGAGAAATTTCC-1,1
TGTAGTGATCTATAAT-1,1
TGTATAACAGATCCTG-1,2
TGTATCCTTATTCCAT-1,2
TGTATGGCGCAGACAG-1,2
TGTATTTACCTAATGC-1,3
TGTCATTTGTTGGGAA-1,3
TGTCCACGGCTCAACT-1,3
TGTCCCGACATAGCAC-1,2
TGTCCGTGGCGCCTTT-1,2
TGTCCTAAGTCACCGC-1,4
TGTCGGCATGGTGGAA-1,7
TGTCGTTATCACATAT-1,6
TGTCTACAGTTTCTGT-1,2
TGTGACTACGCCAGTC-1,2
TGTGAGACTAGCCCAA-1,4
TGTGATTCCAGCGCTT-1,3
TGTGCCGGTGCCGGAA-1,3
TGTGCTTTACGTAAGA-1,1
TGTGGAGGAAGCTTAA-1,7
TGTGGCAAAGCGTATG-1,1
TGTGGCGGGCTTCTGG-1,4
TGTGGCTCCCACCAAC-1,3
TGTGGTTGCTAAAGCT-1,5
TGTGTCGCGAGTTGCA-1,4
TGTGTTCGTATCCAAG-1,4
TGTTATTGTATGTGGC-1,1
TGTTCCGCTTCCATGA-1,4
TGTTCCGGCCTGAGCT-1,4
TGTTCGTATTGCGGTG-1,7
TGTTCTTCCATTGACT-1,4
TGTTGTCAAGAAGTCT-1,1
TGTTTAATACTTCATC-1,2
TGTTTCGGTACTTCTC-1,2
TGTTTCTGAAGCGTGC-1,6
TGTTTGAGATCGTCAG-1,3
TTAAACAGAGTCCCGC-1,7
TTAAACCGGTAGCGAC-1,3
TTAAACCTGGTTCCTT-1,7
TTAAACTCGAATTCAT-1,1
TTAACACCTCGAACAT-1,7
TTAACCAACCCTCCCT-1,1
TTAACGTCGCAAGACC-1,2
TTAACTCACGCGTGGA-1,7
TTAACTTCAGGTAGGA-1,5
TTAAGACGAACGAACC-1,3
TTAAGATAGGATTGAC-1,2
TTAAGCCGACAACTTC-1,2
TTAAGCGCCTGACCCA-1,4
TTAAGGATACGGAGGT-1,7
TTAAGGCCCGTACTTT-1,6
TTAAGTATTGTTATCC-1,1
TTAATCAGTACGTCAG-1,1
TTAATGCGAGGTAACT-1,3
TTAATGTAGACCAGGT-1,1
TTAATTGCTTTGGGTG-1,1
TTAATTTCAGACGCGG-1,1
TTACAACTACGCATCC-1,2
TTACACGATCTGCGAC-1,3
TTACAGACCTAAATGA-1,2
TTACATCGTGGCCTGG-1,2
TTACATGCCACAACTA-1,3
TTACCATTGATTACCC-1,1
TTACCCATTGCCGGGT-1,1
TTACCCTAACAGTCCT-1,2
TTACCCTAGGGATTGG-1,4
TTACCGCCTTAGGGAA-1,7
TTACGGATGGTTCGAG-1,2
TTACGGTGTCACCGAG-1,7
TTACGTAGCGCGTGCT-1,7
TTACTAAAGGACTTTA-1,2
TTACTATCGGCTTCTC-1,2
TTACTCCGGCCGGGAA-1,1
TTACTCTGGTACGTAC-1,4
TTACTGGGATATTTCA-1,5
TTACTGTTTCTCTACG-1,3
TTAGAAGAACATGACT-1,4
TTAGAATAAGGGTCGG-1,6
TTAGACACGATCGTTG-1,2
TTAGACGAGTCACCTC-1,2
TTAGAGTTTAGAAGGA-1,1
TTAGATAGGTCGATAC-1,7
TTAGCAACATGGATGT-1,2
TTAGCTAATACGATCT-1,1
TTAGCTCTGTAATCCG-1,2
TTAGCTGATTTGCCGT-1,2
TTAGGTCATAACCGAC-1,5
TTAGTAAACCTGCTCT-1,1
TTAGTAGGGCGGCGGG-1,1
TTAGTTATTCGTGGCA-1,4
TTAGTTCAAGTGTTCG-1,3
TTATAGATGCACATTA-1,3
TTATAGGTAATTGTCT-1,1
TTATATACGCTGTCAC-1,1
TTATATTTGGCAATCC-1,2
TTATCCAATCGAACTC-1,3
TTATCCGGGATCTATA-1,1
TTATCCTCAAGGAATA-1,6
TTATCGCCTGCGAAGC-1,2
TTATCTGACATTAGGA-1,7
TTATCTGTATCATAAC-1,2
TTATGAATGAAAGGGA-1,7
TTATGACAAACTGGAT-1,4
TTATGATCTTAACGAA-1,1
TTATGCGTCCCGGTCC-1,7
TTATGTTTGCGATAGA-1,7
TTATTAGAGCGTGTTC-1,1
TTATTAGGGAAGCATC-1,2
TTATTTCATCCCAAAC-1,7
TTCAAAGTCTCTAGCC-1,1
TTCAACGACCCGACCG-1,1
TTCAAGCCGAGCTGAG-1,1
TTCAATACTCTGAATC-1,1
TTCAATTAGCCATAAT-1,2
TTCACGAAAGGATCAC-1,4
TTCACTCGAGCACCTA-1,1
TTCACTTCCTAGAACG-1,1
TTCAGAGTAACCTGAC-1,7
TTCAGCCCTGGTCCAC-1,1
TTCAGCTGGCGTGCCC-1,2
TTCAGGCGTCAAAGCC-1,7
TTCAGTTCAAGAGGAG-1,5
TTCATAGCCTTGTAAC-1,7
TTCATGGCGCAACAGG-1,2
TTCCAATCAGAGCTAG-1,1
TTCCAATCTGGCTATC-1,6
TTCCACACAGATTTGA-1,6
TTCCACATTTCTCGTC-1,3
TTCCAGACGAGATTTA-1,3
TTCCATCATGCGGTGA-1,3
TTCCATCGACAGCGTG-1,3
TTCCCGACGCTTCACT-1,3
TTCCCGGCGCCAATAG-1,4
TTCCGCAGAGAAATAT-1,3
TTCCGCGTGAGGCGAT-1,4
TTCCGGCCTTGAGGCT-1,6
TTCCGGCTCGACTTCT-1,4
TTCCGGTATCTGTGTC-1,3
TTCCGGTTACCCACTT-1,1
TTCCTCGAGGGTGTCT-1,1
TTCCTCGGACTAACCA-1,1
TTCCTCTGCCCGAATA-1,1
TTCCTTTCTGTGTTGC-1,7
TTCGACAGAGCCCGTG-1,1
TTCGACGGGAAGGGCG-1,1
TTCGCACTCGCGTGCT-1,2
TTCGCACTGTACGACA-1,7
TTCGCATCCGGAAGCA-1,7
TTCGCCGCTCGCGCTA-1,6
TTCGCGCGCCATACGA-1,5
TTCGCTAGGAAGTTGT-1,3
TTCGCTATCTGACGTG-1,2
TTCGGACTGATGCCTT-1,3
TTCGGACTGGGCATGG-1,6
TTCGGCAACCCGCTGA-1,2
TTCGGCTAGAGATGGT-1,2
TTCGGGACTAATCGCG-1,4
TTCGGGCGCTAGTCTT-1,6
TTCGGTACTGTAGAGG-1,1
TTCGTAATCCCAGCGG-1,2
TTCGTACTCCAGAACG-1,1
TTCGTTCAACGAAGTT-1,3
TTCTAACCGAAGCTTA-1,1
TTCTACCTCAATCGGT-1,5
TTCTACCTTTATGTTG-1,3
TTCTACTTGCGAGGGC-1,1
TTCTAGAAAGTCTTAT-1,5
TTCTAGGCCAATTGTG-1,2
TTCTATTAAACGCAGC-1,4
TTCTCTTACAGGTGAT-1,6
TTCTGACCGGGCTCAA-1,1
TTCTGCCGCGCCTAGA-1,1
TTCTGCGAGCGCCCTT-1,4
TTCTGCGGGTTAGCGG-1,1
TTCTGCTAGACTCCAA-1,3
TTCTTAGTGAACGGTG-1,1
TTCTTAGTGGCTCAGA-1,2
TTCTTATCCGCTGGGT-1,2
TTCTTCCCTTTGATAT-1,3
TTCTTCGCAATAGAGC-1,3
TTCTTGAGCCGCGCTA-1,5
TTCTTGCTAGCATCTC-1,3
TTCTTGGACGATCTGC-1,6
TTCTTGGAGTAATGAG-1,2
TTCTTGTAACCTAATG-1,2
TTCTTTGGTCGCGACG-1,2
TTGAAAGGTGTAAAGG-1,3
TTGAACGAATCCTTTG-1,2
TTGAACGACGTGCTGA-1,1
TTGAAGAATTCCCAGG-1,1
TTGAAGGATGGGCGCC-1,6
TTGAATATGGACTTTC-1,2
TTGAATCGTTGTATAA-1,4
TTGAATTCACGTGAGG-1,2
TTGACAGGAGCTCCCG-1,1
TTGACATGAACGTGGA-1,4
TTGACCAGGAACAACT-1,1
TTGACCATGTTCTCCG-1,2
TTGACCGTGTTAATGA-1,6
TTGACGATTCAGCACG-1,2
TTGACGCTCCATGAGC-1,1
TTGACTACCATATGGT-1,5
TTGACTATTGTCCGGC-1,3
TTGAGAAGTTTAGCAT-1,1
TTGAGAGTACTGCTAA-1,6
TTGAGCAGCCCACGGT-1,3
TTGAGCGCCACGTGAT-1,1
TTGAGGCATTTAACTC-1,2
TTGATCTAACTTTGTC-1,1
TTGATGTGTAGTCCCG-1,1
TTGATTAGCTGTTTCT-1,5
TTGATTATGCAGATGA-1,4
TTGCAAGAAGACTCCT-1,4
TTGCACAATTCAGAAA-1,1
TTGCACGGAGCAGCAC-1,2
TTGCATGCTGATCACG-1,5
TTGCCAAGCAGAACCC-1,3
TTGCCATAGCCCGCTC-1,6
TTGCCCTGATCACGGG-1,1
TTGCCGCAGACCTACA-1,6
TTGCCGCTTTCTAGTA-1,1
TTGCCGGTGATCCCTC-1,2
TTGCCTAATCCAAAGT-1,6
TTGCGGCATCAGAAAG-1,6
TTGCGGCGACTCATGC-1,3
TTGCGTAGTTTGAGGA-1,2
TTGCGTCGGCCAACCG-1,5
TTGCGTGAACGCTTAG-1,2
TTGCTAGCTACCAATC-1,4
TTGCTCATAGTACGTG-1,4
TTGCTCCCATACCGGA-1,1
TTGCTGAAGGAACCAC-1,1
TTGCTGATCATGTTCG-1,4
TTGCTGCACCTATCCA-1,2
TTGCTGGCCGGGCTTC-1,2
TTGGAAGAATACAGTC-1,6
TTGGACATGTGGCTTA-1,4
TTGGACCATCTGGCAA-1,3
TTGGACCTATAACAGT-1,1
TTGGAGTCTCCCTTCT-1,4
TTGGATATCGTCTACG-1,1
TTGGATCGACTTCTGG-1,2
TTGGATTGGGTACCAC-1,2
TTGGCCATCTTGCGCT-1,4
TTGGCCTAGAATTTCG-1,1
TTGGCTCAATATGTGT-1,4
TTGGCTCGCATGAGAC-1,7
TTGGGAAGACGAGCCG-1,5
TTGGGACACTGCCCGC-1,2
TTGGGACGTAAGAGTT-1,3
TTGGGCGGCGGTTGCC-1,1
TTGGTCACACTCGTAA-1,5
TTGGTTGCGGTGCGCG-1,6
TTGTAAGGACCTAAGT-1,5
TTGTAAGGCCAGTTGG-1,2
TTGTAATCCGTACTCG-1,4
TTGTATCACACAGAAT-1,2
TTGTCGTTCAGTTACC-1,2
TTGTGAACCTAATCCG-1,1
TTGTGAGGCATGACGC-1,4
TTGTGCAGCCACGTCA-1,1
TTGTGGCCCTGACAGT-1,1
TTGTGGTAGGAGGGAT-1,5
TTGTGGTGGTACTAAG-1,3
TTGTGTATGCCACCAA-1,7
TTGTGTTTCCCGAAAG-1,4
TTGTTAGCAAATTCGA-1,1
TTGTTCAGTGTGCTAC-1,1
TTGTTGTGTGTCAAGA-1,2
TTGTTTCACATCCAGG-1,6
TTGTTTCATTAGTCTA-1,6
TTGTTTCCATACAACT-1,4
TTGTTTGTATTACACG-1,5
TTGTTTGTGTAAATTC-1,3
